ID,Address,Rooms,Type,Price,Date,Bathroom,Car,Landsize,Age,Lattitude,Longtitude
ID155633325,6 Shepherd St,3,h,2100000.0,4/06/2016,2.0,2.0,1255.0,49.0,-37.8322,145.1056
ID199093294,1/312 Hope St,1,u,351000.0,27/11/2016,1.0,1.0,0.0,69.0,-37.7614,144.9393
ID457288014,503/120 Greville St,3,u,1350000.0,12/11/2016,2.0,2.0,0.0,119.0,-37.8493,144.9908
ID903676173,11/781 Whitehorse Rd,2,u,520000.0,28/05/2016,1.0,1.0,0.0,14.0,-37.8161,145.1098
ID694412018,85 Montague St,3,h,700000.0,18/06/2016,1.0,0.0,199.0,72.0,-37.8299,144.9496
ID769168240,4/1 Oconnell St,2,u,380000.0,25/02/2017,1.0,1.0,128.0,49.0,-37.715,145.043
ID651911400,57 Ruthven St,3,h,850000.0,23/09/2017,1.0,2.0,690.0,7.0,-37.72998,145.06134
ID645812806,37 Waltham St,2,h,1225000.0,9/09/2017,1.0,1.0,150.0,129.0,-37.78363,144.92997
ID750161317,316 Belmore Rd,4,h,1750000.0,10/12/2016,3.0,2.0,453.0,3.0,-37.8044,145.1006
ID704123046,55 Fakenham Rd,4,h,1972500.0,27/05/2017,1.0,1.0,676.0,19.0,-37.86223,145.08696
ID941874230,29 Gillespie Rd,3,h,626000.0,19/08/2017,1.0,2.0,557.0,34.0,-37.734970000000004,144.7864
ID487715826,9/129 The Parade,3,u,487500.0,27/06/2016,1.0,3.0,0.0,47.0,-37.7723,144.9094
ID597299520,28 Carron St,4,h,1593000.0,3/06/2017,3.0,2.0,598.0,69.0,-37.781420000000004,145.09226999999996
ID165509454,2 Dunk Ct,3,h,418000.0,27/05/2017,2.0,1.0,435.0,45.0,-37.867670000000004,144.68409
ID779610164,55 Warburton Rd,3,h,1385000.0,18/06/2016,1.0,1.0,444.0,109.0,-37.826,145.0734
ID945982235,14 Woodmason St,3,h,1437000.0,16/04/2016,1.0,1.0,313.0,109.0,-37.8511,145.0317
ID980549701,430 Whitehorse Rd,3,h,1050000.0,24/06/2017,2.0,2.0,444.0,74.0,-37.81411,145.09055
ID393520621,10 Botherambo St,2,t,1200000.0,25/02/2017,2.0,1.0,170.0,79.0,-37.8229,144.9931
ID861137063,1/5 Daventry St,2,u,424000.0,18/06/2016,1.0,1.0,141.0,39.0,-37.7149,145.0009
ID659624465,90 Truganini Rd,4,h,1550000.0,12/11/2016,2.0,2.0,757.0,89.0,-37.8925,145.0541
ID799566632,2/422 St Kilda St,3,t,1475000.0,7/11/2016,2.0,2.0,345.0,19.0,-37.8943,144.9907
ID404416437,23 Hotham St,3,h,650000.0,28/05/2016,1.0,2.0,327.0,44.0,-37.7709,145.1104
ID918782307,2 Derry St,4,h,1740000.0,29/04/2017,2.0,2.0,746.0,69.0,-37.7595,144.8993
ID602203605,44 Morley St,4,h,825000.0,30/07/2016,2.0,4.0,768.0,49.0,-37.6979,144.9377
ID217886570,9/561 Spencer St,3,u,995000.0,18/03/2017,1.0,1.0,0.0,79.0,-37.8076,144.9474
ID618691010,95 Pellatt St,4,h,1611000.0,12/08/2017,2.0,2.0,650.0,64.0,-37.98354000000001,145.04261
ID927300574,41 Gordon St,3,t,950000.0,29/07/2017,2.0,2.0,211.0,49.0,-37.83712,144.86686
ID826514371,48 Elder St,4,h,1695000.0,3/06/2017,3.0,4.0,696.0,69.0,-37.81726,145.16061000000005
ID330113248,77 Fraser Av,3,h,837000.0,23/09/2017,1.0,1.0,441.0,49.0,-38.03804,145.11728
ID267271912,4 Bolton Av,3,h,2515000.0,16/09/2017,2.0,2.0,604.0,5.0,-37.93105,144.99437
ID659821767,5/19 Livingstone St,2,u,690000.0,15/10/2016,1.0,1.0,103.0,49.0,-37.7671,145.0408
ID519999036,2/60 David St,2,h,535600.0,30/07/2016,1.0,1.0,154.0,23.0,-37.8646,144.8272
ID223340995,8/58 Sutherland Rd,2,u,592500.0,10/12/2016,1.0,1.0,0.0,49.0,-37.8574,145.0174
ID978383274,2/3 Golf Rd,2,u,625000.0,27/11/2016,1.0,1.0,204.0,57.0,-37.9107,145.0891
ID988125468,44 Graham Rd,3,h,1430000.0,8/07/2017,1.0,0.0,703.0,49.0,-37.9511,145.04171000000005
ID265606098,8/67 High St,2,u,700000.0,12/11/2016,1.0,1.0,0.0,131.0,-37.851,144.988
ID623658993,43 Omar St,3,h,915000.0,17/09/2016,1.0,3.0,667.0,7.0,-37.7784,144.8708
ID809656740,66 Fromer St,3,h,1470000.0,11/02/2017,2.0,2.0,613.0,69.0,-37.929,145.0464
ID754145824,26 Newsom St,3,h,1000000.0,12/11/2016,2.0,2.0,440.0,64.0,-37.7746,144.9031
ID964489067,18 Rose St,2,h,1705000.0,20/05/2017,2.0,0.0,195.0,8.0,-37.851,145.0156
ID491169418,235 Military Rd,3,h,863000.0,28/08/2016,2.0,3.0,638.0,59.0,-37.7546,144.8585
ID372176486,2/61 Orient Av,3,u,907800.0,26/08/2017,2.0,2.0,309.0,14.0,-37.82653,145.20261000000005
ID464495354,129 Gordon St,3,h,2200000.0,3/12/2016,3.0,2.0,651.0,34.0,-37.8085,145.0764
ID303918920,3 Ruabon Rd,3,h,1170000.0,30/07/2016,1.0,1.0,405.0,84.0,-37.8475,145.00799999999995
ID155522240,38 McLean St,2,h,887500.0,26/08/2017,1.0,2.0,434.0,21.0,-37.75336,144.93872
ID355248269,49 Bellett St,4,h,2513000.0,13/05/2017,2.0,3.0,696.0,109.0,-37.8355,145.0665
ID290693492,6/5 Peak St,2,u,370000.0,14/05/2016,1.0,1.0,0.0,54.0,-37.8801,145.0874
ID890012643,52 Tranmere Av,4,h,1966000.0,23/09/2017,2.0,2.0,627.0,114.0,-37.89184,145.06056
ID508397303,23 Fraserburgh Cr,4,h,783000.0,8/07/2017,2.0,2.0,750.0,39.0,-37.64163,144.90493
ID482383388,58 Cambridge Dr,4,h,1190000.0,23/09/2017,2.0,2.0,653.0,79.0,-37.892309999999995,145.15141
ID788148288,3A Blanche St,3,t,1308000.0,8/04/2017,1.0,2.0,125.0,29.0,-37.7953,144.9864
ID128104020,40 Dellfield Dr,5,h,950000.0,10/09/2016,3.0,2.0,700.0,46.0,-37.7658,145.124
ID115855656,23 Rosedale Cr,3,h,1400000.0,29/07/2017,2.0,4.0,941.0,69.0,-37.81289,145.24213
ID117521175,14 Hampshire Rd,4,h,950000.0,23/09/2017,1.0,1.0,607.0,59.0,-37.84137,145.17911999999995
ID355718071,52 Wilson Bvd,4,h,830000.0,22/08/2016,1.0,4.0,791.0,89.0,-37.7001,144.9936
ID348052123,9 Appleby Ct,3,h,717500.0,26/08/2017,1.0,1.0,554.0,34.0,-37.78514000000001,144.84561000000005
ID505555969,6/47 Railway Pl W,2,u,360000.0,10/12/2016,1.0,1.0,0.0,129.0,-37.7826,144.9273
ID495172794,26 Millewa Av,3,h,1638000.0,22/07/2017,1.0,1.0,697.0,29.0,-37.88354,145.07536000000005
ID882365457,49 Carn Av,5,h,2100000.0,8/07/2017,3.0,2.0,740.0,59.0,-37.76086,145.05177
ID417213073,38 Upland Rd,3,h,1742000.0,12/08/2017,2.0,3.0,697.0,64.0,-37.74057,144.92172
ID572813896,3/30 Beaumont Pde,1,h,280000.0,15/07/2017,1.0,1.0,45.0,49.0,-37.80728,144.86702
ID607934863,24 Elphinstone St,4,h,1300000.0,29/07/2017,2.0,2.0,588.0,49.0,-37.794579999999996,144.87271
ID901642147,50 John St,2,h,1410000.0,27/05/2017,1.0,1.0,249.0,89.0,-37.87964,144.9856
ID633491510,20 Vanin St,4,h,525000.0,1/07/2017,2.0,2.0,415.0,69.0,-37.6161,145.03937
ID287874106,6 Elswill St,5,h,1351000.0,20/05/2017,2.0,2.0,652.0,19.0,-37.9311,145.0651
ID846209850,1 Konrad St,4,h,1100000.0,4/06/2016,2.0,2.0,633.0,44.0,-37.9272,145.0644
ID341148100,1211/50 Albert Rd,2,u,530000.0,3/06/2017,1.0,1.0,1646.0,7.0,-37.83406,144.97131000000005
ID146261868,342 Howe Pde,2,h,1332000.0,8/04/2017,1.0,2.0,288.0,7.0,-37.8366,144.923
ID416429886,27 Summerhill Rd,2,h,800000.0,9/09/2017,1.0,2.0,353.0,89.0,-37.79047,144.88289
ID594919317,60 Robert St,4,h,710000.0,29/07/2017,1.0,1.0,627.0,49.0,-37.667809999999996,145.00926
ID819442369,700 Rathdowne St,4,h,2175000.0,7/05/2016,1.0,0.0,418.0,99.0,-37.7808,144.9736
ID211871057,1/38 Lynch St,1,u,357000.0,6/08/2016,1.0,0.0,0.0,39.0,-37.7964,144.9027
ID950063909,172 Rossmoyne St,3,h,1200000.0,27/06/2016,2.0,2.0,349.0,49.0,-37.7584,145.0115
ID777558164,3 Molden St,5,h,1550000.0,18/06/2016,3.0,2.0,623.0,69.0,-37.9066,145.0541
ID558363710,27 Warmington Rd,3,h,530000.0,8/04/2017,1.0,1.0,573.0,49.0,-37.8017,144.8258
ID462900295,18/180 Union St,2,u,435000.0,12/06/2016,1.0,1.0,0.0,17.0,-37.7727,144.9497
ID401618928,44/2 Horizon Dr,2,u,495000.0,18/03/2017,2.0,2.0,37000.0,39.0,-37.7752,144.8925
ID650098309,906/330 Lygon St,2,u,550000.0,13/05/2017,1.0,1.0,1611.0,6.0,-37.7685,144.9724
ID895380314,2A Hillcrest Av,4,h,1850000.0,19/08/2017,3.0,3.0,421.0,19.0,-37.90542,145.00603999999996
ID899315126,12/539 Glen Huntly Rd,2,u,550000.0,17/06/2017,1.0,1.0,1172.0,49.0,-37.885329999999996,145.01049
ID504238324,3/2 Garden Rd,2,u,715000.0,27/06/2016,1.0,1.0,194.0,24.0,-37.9107,145.0598
ID531047552,16/373 South Rd,2,u,775000.0,7/11/2016,1.0,1.0,112.0,59.0,-37.9306,145.0284
ID825954020,4/5 Southey Ct,2,u,717000.0,12/06/2016,1.0,1.0,0.0,69.0,-37.8758,144.9874
ID950959919,55 Elphinstone St,3,h,805000.0,27/06/2016,1.0,3.0,372.0,99.0,-37.796,144.8728
ID452280228,9/81 Dodds St,3,u,868000.0,4/06/2016,2.0,1.0,0.0,24.0,-37.8267,144.9687
ID992889069,16 Ventnor St,4,h,1725000.0,29/04/2017,3.0,2.0,627.0,49.0,-37.7827,145.0945
ID166094034,7/122 Glen Huntly Rd,2,u,510000.0,11/03/2017,1.0,1.0,0.0,69.0,-37.8831,144.9896
ID762940240,3/50 Berembong Dr,2,u,490000.0,13/05/2017,1.0,2.0,220.0,18.0,-37.7346,144.8584
ID269865397,3 Paget St,4,h,2120000.0,10/09/2016,2.0,2.0,847.0,94.0,-37.8927,145.0781
ID357868758,25 Errol St,4,h,550000.0,26/07/2016,2.0,1.0,288.0,19.0,-37.7775,144.855
ID891995152,15 Ofarrell St,4,h,1401000.0,19/11/2016,1.0,1.0,306.0,109.0,-37.8102,144.8885
ID712509160,9 Ambon Ct,3,h,961000.0,28/05/2016,1.0,2.0,1179.0,59.0,-37.7411,145.0468
ID387795916,22 Greenglade Ct,4,h,1300000.0,19/08/2017,2.0,2.0,543.0,13.0,-37.806509999999996,145.16457
ID693821127,3 Grandview Rd,3,h,845000.0,26/08/2017,1.0,1.0,345.0,69.0,-37.73901,144.89154
ID380850192,5/361 Royal Pde,1,u,401000.0,19/11/2016,1.0,1.0,0.0,129.0,-37.7852,144.9589
ID329422990,17 Dickmann St,3,h,1590000.0,22/07/2017,2.0,1.0,83.0,8.0,-37.82458,144.99767
ID414847680,4 Adrian St,3,h,780000.0,22/05/2016,1.0,1.0,710.0,53.0,-37.9324,145.0577
ID894032436,101 Kerr St,3,h,1750000.0,9/09/2017,1.0,1.0,152.0,24.0,-37.796620000000004,144.9791
ID180754271,133 David Dr,3,t,521000.0,29/04/2017,3.0,2.0,134.0,11.0,-37.79,144.7886
ID469552861,2/111 Marlborough St,3,u,800000.0,18/06/2016,2.0,2.0,252.0,25.0,-37.9085,145.0683
ID427030401,26 Stymie St,5,h,1250000.0,17/06/2017,3.0,2.0,544.0,79.0,-37.71499,145.02966999999995
ID566751878,2/25 Fernhill St,2,u,960000.0,15/07/2017,1.0,1.0,229.0,29.0,-37.876059999999995,145.15951
ID180713639,32/2 Exhibition St,1,u,700000.0,19/11/2016,1.0,1.0,0.0,99.0,-37.8157,144.9727
ID547397396,2 Ajax Cl,4,h,720000.0,9/09/2017,2.0,2.0,660.0,34.0,-37.720859999999995,144.79399999999995
ID223199335,43 Kerferd St,3,h,2305000.0,13/08/2016,2.0,2.0,543.0,94.0,-37.8691,145.0435
ID954693873,49 Derby St,3,h,855000.0,16/07/2016,1.0,1.0,274.0,129.0,-37.7641,144.9112
ID208824215,45 Bordeaux St,4,h,1545000.0,29/04/2017,3.0,2.0,647.0,54.0,-37.7819,145.1184
ID157059299,27 Champa Rd,4,h,580000.0,15/07/2017,2.0,4.0,270.0,34.0,-37.7944,144.79413
ID837778434,68 Vincent St,4,h,855333.0,28/08/2016,1.0,2.0,694.0,45.0,-37.718,144.9138
ID900221515,61 Roseberry St,3,h,1625000.0,28/05/2016,2.0,1.0,255.0,129.0,-37.8266,145.0493
ID563659141,30 Flett St,2,t,635000.0,14/05/2016,1.0,1.0,79.0,69.0,-37.7484,145.0048
ID763976013,124 Cole St,4,h,1761000.0,6/08/2016,2.0,3.0,615.0,99.0,-37.8956,145.0026
ID852665066,26 Irvine St,3,h,535000.0,15/07/2017,1.0,0.0,675.0,49.0,-37.764959999999995,144.77289
ID696174163,612 Riversdale Rd,4,h,2750000.0,28/05/2016,3.0,1.0,0.0,107.0,-37.8325,145.0649
ID176766975,12/412 High St,2,u,680000.0,6/05/2017,2.0,1.0,1106.0,10.0,-37.7679,144.9994
ID383748106,18 Melrose St,2,h,1010000.0,19/11/2016,2.0,0.0,109.0,119.0,-37.795,144.942
ID627646901,83 Truganini Rd,3,h,1910000.0,25/02/2017,1.0,1.0,720.0,104.0,-37.8922,145.0544
ID157671832,10/30 Pickett St,1,u,170000.0,1/07/2017,1.0,0.0,30.0,6.0,-37.80141,144.89587
ID221121858,3/30 Heller St,2,t,801000.0,25/02/2017,2.0,1.0,156.0,12.0,-37.7744,144.9498
ID159218504,3/40 Rowland St,2,u,891000.0,28/05/2016,1.0,1.0,121.0,10.0,-37.8126,145.0534
ID685523700,176 Buckingham St,4,h,1645000.0,22/08/2016,2.0,1.0,249.0,49.0,-37.8147,145.0084
ID132938829,5 Sycamore St,3,h,1570000.0,25/02/2017,1.0,2.0,520.0,99.0,-37.8889,145.0151
ID466160919,48a Celia St,4,t,1250000.0,17/09/2016,2.0,2.0,314.0,9.0,-37.9299,145.0598
ID905179189,23 Compton Pde,4,h,716000.0,3/09/2016,1.0,1.0,683.0,79.0,-37.7694,144.8321
ID682647014,77 Melbourne Rd,3,h,1210000.0,25/02/2017,1.0,0.0,249.0,109.0,-37.86,144.895
ID493625325,4/6 Crown Av,2,u,600000.0,29/07/2017,1.0,1.0,0.0,52.0,-38.00765,145.0935
ID267704491,9 Coltain St,4,h,950000.0,12/08/2017,2.0,2.0,660.0,41.0,-37.84902,145.18276
ID748745828,10 Grosvenor St,3,h,1690000.0,25/02/2017,2.0,2.0,339.0,129.0,-37.872,144.9909
ID372868414,13/27 Patterson Rd,2,u,650000.0,10/12/2016,1.0,1.0,116.0,59.0,-37.9245,145.0336
ID431499871,215 Princes St,3,h,1350000.0,27/11/2016,1.0,1.0,114.0,29.0,-37.8371,144.939
ID185444650,1 Normanby Ct,3,h,810000.0,22/04/2017,2.0,0.0,747.0,63.0,-37.7348,145.0402
ID169822190,3/117 Gordon St,3,t,687000.0,27/11/2016,1.0,1.0,116.0,24.0,-37.7454,144.9487
ID808912939,7 Billson St,5,h,2140000.0,13/05/2017,2.0,2.0,780.0,69.0,-37.9173,145.0142
ID512819475,12/9 Milton St,2,u,442000.0,18/06/2016,1.0,1.0,0.0,44.0,-37.7733,144.9219
ID357746741,95 Rosanna Rd,3,h,1705000.0,10/09/2016,1.0,2.0,1547.0,49.0,-37.7502,145.0706
ID885232755,83 Power St,3,h,1170000.0,26/08/2017,2.0,4.0,436.0,22.0,-37.852740000000004,144.88738
ID381008763,83 Bastings St,3,h,1300000.0,17/09/2016,1.0,1.0,328.0,99.0,-37.7745,145.0045
ID320562284,44 Challis St,2,h,800000.0,4/03/2017,1.0,1.0,244.0,79.0,-37.846,144.8729
ID901894377,14 Morris St,4,h,1955000.0,29/04/2017,2.0,2.0,1033.0,54.0,-37.7929,145.1184
ID719028818,1/100 St Elmo Rd,2,u,450000.0,19/11/2016,1.0,1.0,0.0,59.0,-37.759,145.047
ID363856260,2/16 Beaver St,3,t,1370000.0,22/08/2016,2.0,2.0,323.0,49.0,-37.8704,145.0411
ID408347602,17 McCormack Cr,4,h,723000.0,16/09/2017,2.0,2.0,872.0,26.0,-37.872170000000004,144.68746000000004
ID889366309,46 Dunne St,3,h,980000.0,8/10/2016,1.0,1.0,907.0,59.0,-37.7143,145.039
ID529672456,125 Napier St,2,h,1150000.0,22/04/2017,1.0,1.0,91.0,49.0,-37.836,144.9638
ID290569821,98A Hoffmans Rd,3,h,983000.0,20/05/2017,3.0,2.0,309.0,42.0,-37.7457,144.8912
ID852667884,16 Kirribilli Bvd,3,h,680000.0,3/06/2017,2.0,2.0,666.0,14.0,-37.71594,144.7415
ID383573194,23 Thurloo St,3,h,1000000.0,6/08/2016,1.0,2.0,606.0,13.0,-37.8784,145.0958
ID803150249,1/3 Crescent Rd,2,u,667000.0,27/06/2016,1.0,1.0,83.0,59.0,-37.8355,145.0633
ID741738252,3 Leafield St,4,h,900000.0,19/08/2017,1.0,1.0,670.0,59.0,-37.71209,145.0757
ID132045398,3/51 Middleborough Rd,2,u,580000.0,6/05/2017,1.0,1.0,153.0,49.0,-37.8528,145.1318
ID635669186,19 Kent Rd,3,h,928000.0,18/06/2016,1.0,1.0,307.0,129.0,-37.8247,145.1206
ID990148338,218 Ferrars St,1,h,1002000.0,3/12/2016,1.0,0.0,84.0,107.0,-37.8332,144.9548
ID793544417,36/292 McKimmies Rd,4,t,492000.0,16/09/2017,1.0,1.0,199.0,39.0,-37.677,145.05658
ID216547499,2 Addison St,3,h,1370000.0,16/04/2016,1.0,2.0,427.0,10.0,-37.7702,144.9266
ID723175386,7 Centurion Ct,3,h,646000.0,23/09/2017,2.0,2.0,716.0,40.0,-37.64206,145.03703000000004
ID736999849,2/234 Domain Rd,4,u,2050000.0,18/03/2017,2.0,1.0,979.0,79.0,-37.8344,144.9857
ID463694721,22 Strang St,3,h,555500.0,3/06/2017,2.0,1.0,557.0,48.0,-37.87498,144.69617
ID367478237,2/116 Summerhill Rd,3,h,540000.0,11/02/2017,2.0,2.0,215.0,16.0,-37.7257,145.0243
ID114956719,7 Dove Ct,4,h,1288000.0,26/08/2017,2.0,2.0,948.0,56.0,-37.76078,145.10696000000004
ID907044388,103b Maribyrnong Rd,3,u,819000.0,24/06/2017,2.0,1.0,166.0,29.0,-37.7719,144.91565
ID872383430,3 Peacock St,3,h,1468000.0,11/02/2017,1.0,2.0,706.0,17.0,-37.8509,145.1161
ID642182375,4 Vine Gr,4,h,1830000.0,10/09/2016,2.0,2.0,687.0,36.0,-37.8931,145.0479
ID198830421,14 Scarborough Dr,4,h,1362000.0,24/09/2016,2.0,2.0,635.0,9.0,-37.7446,145.0844
ID697423522,2c Hamilton St,3,h,865000.0,22/05/2016,1.0,1.0,180.0,9.0,-37.7802,145.0243
ID416111045,30 Newhaven Rd,3,h,968000.0,17/06/2017,1.0,1.0,612.0,7.0,-37.85586,145.15827
ID341191565,4/9 Gourlay St,2,u,502500.0,15/10/2016,1.0,1.0,0.0,59.0,-37.8725,144.9952
ID964331394,1/233 Huntingdale Rd,3,u,637000.0,26/07/2016,1.0,2.0,119.0,49.0,-37.9058,145.1043
ID724185382,7/7 Old Plenty Rd,3,u,386000.0,1/07/2017,1.0,1.0,216.0,10.0,-37.644909999999996,145.09233
ID215759868,11 Henry St,2,h,677000.0,27/11/2016,1.0,0.0,67.0,169.0,-37.7969,144.9759
ID878435712,24/62 Wellington St,1,u,451000.0,3/06/2017,1.0,1.0,0.0,10.0,-37.85705,144.98699
ID515062684,1/23 Bondi Rd,3,h,836000.0,3/06/2017,2.0,2.0,407.0,49.0,-38.06257,145.1226
ID998781165,5/24 Muir St,2,u,840000.0,29/07/2017,1.0,1.0,974.0,59.0,-37.81494,145.01744
ID873248323,254 Rathmines St,4,h,2000000.0,22/05/2016,3.0,2.0,575.0,4.0,-37.7671,145.0176
ID233056683,71 Cecil St,4,h,2200000.0,7/05/2016,1.0,2.0,735.0,34.0,-37.8028,145.0534
ID655564496,24 Batman St,2,h,1255000.0,18/03/2017,1.0,0.0,148.0,129.0,-37.7841,144.9793
ID130851390,23 Moore St,2,h,800000.0,27/06/2016,1.0,2.0,260.0,79.0,-37.7969,144.9042
ID329350824,88 Blackshaws Rd,3,h,845000.0,17/09/2016,2.0,2.0,738.0,3.0,-37.834,144.8757
ID304025054,33 Rosedale Rd,5,h,3085000.0,18/03/2017,3.0,3.0,778.0,19.0,-37.8582,145.0715
ID820690081,477 Murray Rd,5,h,1060000.0,27/05/2017,2.0,2.0,559.0,79.0,-37.73645,144.98715
ID778894225,8 Bronte Ct,3,h,1560000.0,4/03/2017,1.0,3.0,593.0,64.0,-37.9399,145.0204
ID725402879,21 Diamond St,3,h,840000.0,13/08/2016,1.0,2.0,603.0,69.0,-37.7484,144.8892
ID490291504,34 Lind St,4,t,995000.0,18/03/2017,3.0,1.0,260.0,69.0,-37.7319,144.9195
ID953610010,8/68 Goldsmith St,2,u,630000.0,25/02/2017,1.0,1.0,0.0,84.0,-37.8817,144.984
ID655626958,35 Douglas St,3,h,1365000.0,10/09/2016,1.0,1.0,792.0,69.0,-37.864000000000004,145.0972
ID646156916,24 Butler St,3,h,1025000.0,3/06/2017,2.0,2.0,203.0,3.0,-37.75582,144.91061000000005
ID740030248,2/80 Hawker St,2,u,480000.0,29/04/2017,1.0,1.0,128.0,10.0,-37.7216,144.8837
ID989622511,12 Hardwick St,3,h,1010000.0,4/03/2017,2.0,1.0,278.0,14.0,-37.7494,144.9686
ID728938830,67 Morley St,3,h,885000.0,8/04/2017,1.0,2.0,751.0,47.0,-37.6962,144.9376
ID223199335,43 Kerferd St,3,h,2305000.0,13/08/2016,2.0,2.0,543.0,94.0,-37.8691,145.0435
ID650119520,166 Cecil St,3,h,960000.0,27/06/2016,2.0,1.0,189.0,42.0,-37.8605,144.8998
ID134616156,18 Benjamin St,3,h,860000.0,15/07/2017,1.0,3.0,446.0,109.0,-37.79354,144.8328
ID888793555,1 Sneddon Ct,4,h,1100000.0,16/09/2017,2.0,2.0,748.0,23.0,-37.9265,145.19758000000004
ID158675301,9 Powlett St,4,h,596000.0,17/06/2017,2.0,2.0,512.0,49.0,-37.61133,145.0945
ID939921571,85 Begonia Av,3,h,755000.0,23/09/2017,2.0,4.0,782.0,10.0,-37.85002,145.25964
ID242263335,28 Cambridge St,3,h,1870000.0,4/03/2017,1.0,1.0,217.0,131.0,-37.8592,145.0182
ID367265076,329 Gordon St,4,h,770000.0,26/07/2016,2.0,2.0,215.0,19.0,-37.7817,144.8916
ID550209896,23 Castlemaine St,3,h,1380000.0,27/11/2016,2.0,2.0,235.0,109.0,-37.815,144.8928
ID226976185,15 Rodman St,2,h,810000.0,4/03/2017,1.0,2.0,950.0,89.0,-37.702,145.0071
ID883247692,8 Madigan Ct,3,t,670000.0,17/06/2017,2.0,1.0,194.0,35.0,-37.82365,145.24001
ID526362860,3 Carthew Gr,4,h,1075000.0,13/05/2017,1.0,2.0,521.0,84.0,-37.7506,144.99
ID573327132,24 Brennan St,3,h,419000.0,17/06/2017,1.0,3.0,603.0,15.0,-37.70478,144.57211
ID982495746,3/38 Barton St,2,u,405000.0,7/05/2016,1.0,1.0,171.0,10.0,-37.711,145.0027
ID744187209,6/9 St James St,2,u,410000.0,17/09/2016,1.0,1.0,0.0,49.0,-37.7597,144.9188
ID553510120,443 Abbotsford St,2,h,1200000.0,24/09/2016,2.0,1.0,146.0,49.0,-37.7959,144.9464
ID150555290,20 Botanic Dr,3,h,745000.0,17/06/2017,2.0,2.0,180.0,54.0,-37.93898,145.13648
ID857677663,33 Reserve Rd,6,h,1660000.0,3/06/2017,3.0,4.0,730.0,59.0,-37.98825,145.03226999999995
ID381351660,10/14 Cromwell Rd,2,u,499000.0,8/04/2017,1.0,1.0,0.0,49.0,-37.8452,145.0001
ID213355120,22 Alfred St,3,h,1080000.0,18/03/2017,1.0,0.0,234.0,119.0,-37.8051,144.8858
ID376910198,17 Mudie Av,4,h,512500.0,8/07/2017,2.0,2.0,581.0,59.0,-37.57355,144.70854
ID548791981,9 Elm St,4,h,1930000.0,8/10/2016,2.0,2.0,867.0,69.0,-37.8346,145.1059
ID180950040,3 Diosma Ct,3,h,1155000.0,26/08/2017,2.0,2.0,2405.0,39.0,-38.16457,145.12421
ID297117511,10/3 Lytton St,2,u,500000.0,29/04/2017,1.0,1.0,4076.0,10.0,-37.7941,144.9678
ID683764172,16 Greig St,4,h,3560000.0,8/07/2017,1.0,1.0,327.0,19.0,-37.84118,144.95023
ID560766994,13 Valencia St,4,h,1650000.0,16/09/2017,2.0,1.0,484.0,69.0,-37.7609,144.89886
ID331128811,149 Augustine Tce,3,h,447500.0,15/10/2016,1.0,1.0,320.0,19.0,-37.6949,144.9122
ID719151465,22 Evelyn St,6,h,1361000.0,17/06/2017,3.0,4.0,726.0,39.0,-37.91945,145.1315
ID535413988,9 Nicholson St,2,h,1405000.0,22/04/2017,1.0,0.0,219.0,139.0,-37.8424,144.9867
ID374738851,2/77 Vernon St,2,h,392250.0,24/09/2016,1.0,2.0,462.0,49.0,-37.8331,144.8715
ID891525246,34 Johnstone St,5,h,3400000.0,18/06/2016,3.0,4.0,807.0,99.0,-37.8684,145.035
ID361939726,1/577 High Street Rd,2,u,720000.0,3/06/2017,1.0,1.0,198.0,15.0,-37.87135,145.14334
ID899350025,11 Western Wy,3,h,760000.0,26/08/2017,1.0,2.0,864.0,49.0,-37.76983,145.31687
ID374654559,2/45 Hoffmans Rd,3,t,970000.0,24/09/2016,2.0,2.0,356.0,8.0,-37.7493,144.8901
ID653271524,63 Mason St,3,h,805000.0,23/04/2016,1.0,2.0,322.0,89.0,-37.8422,144.8784
ID717299892,217/71 Henry St,2,u,535000.0,8/04/2017,2.0,1.0,2592.0,7.0,-37.7961,144.9261
ID908688711,2/5 Loller St,3,t,1411000.0,12/11/2016,2.0,2.0,0.0,8.0,-37.9144,145.0004
ID152671064,5 Grieve St,4,h,2205000.0,19/11/2016,2.0,2.0,1010.0,69.0,-37.7982,145.0903
ID898658346,4/10 Ardoch St,2,u,453000.0,19/11/2016,1.0,1.0,0.0,49.0,-37.7494,144.921
ID911543878,199 Poath Rd,2,h,910500.0,15/10/2016,1.0,2.0,313.0,99.0,-37.898,145.0759
ID263147720,3/298 Glenferrie Rd,3,u,927000.0,22/05/2016,1.0,1.0,0.0,129.0,-37.8549,145.0298
ID528111867,18 Benson St,4,h,2500000.0,6/08/2016,2.0,2.0,783.0,99.0,-37.8181,145.0913
ID359844215,7 Carpenter St,3,h,2375000.0,25/02/2017,2.0,2.0,470.0,109.0,-37.9152,144.993
ID357986811,23 Morotai Pde,2,h,520000.0,22/05/2016,1.0,2.0,594.0,29.0,-37.7471,145.0427
ID338662684,2/199 Barkly St,1,u,528000.0,8/04/2017,1.0,1.0,0.0,9.0,-37.7767,144.9676
ID373528110,28 Atkin St,4,h,550000.0,8/07/2017,2.0,2.0,1241.0,49.0,-37.686859999999996,144.58157
ID991107496,4/17 Hazel St,2,u,805000.0,18/03/2017,2.0,2.0,188.0,59.0,-37.8442,145.0668
ID778481726,2115/18 Mt Alexander Rd,2,u,341500.0,15/07/2017,1.0,1.0,16000.0,7.0,-37.784659999999995,144.93829
ID730128334,73 Mareeba Wy,4,h,523000.0,19/08/2017,2.0,2.0,484.0,10.0,-37.58012,144.91998
ID546291580,22 Watersedge Cl,4,h,1040000.0,15/07/2017,2.0,2.0,633.0,44.0,-37.88214,145.25058
ID477996604,14 Avoca St,3,h,1155000.0,17/06/2017,2.0,1.0,650.0,69.0,-37.95378,145.03267
ID293290949,1/58 Darebin St,3,t,808000.0,22/05/2016,2.0,2.0,255.0,79.0,-37.7537,145.0637
ID670019495,1/12 Kokaribb Rd,2,u,656000.0,18/06/2016,1.0,1.0,103.0,49.0,-37.8873,145.0559
ID480826917,4/13 Glen Valley Rd,1,h,360000.0,12/08/2017,1.0,1.0,76.0,49.0,-37.832209999999996,145.17117
ID332410833,3 Florence St,5,h,2352500.0,19/11/2016,3.0,2.0,642.0,89.0,-37.859,145.0656
ID538997299,5 Ireland St,3,h,782500.0,17/06/2017,2.0,2.0,603.0,16.0,-38.09088,145.12933999999996
ID500703618,7/20 Abbotsford St,1,u,441000.0,14/05/2016,1.0,1.0,0.0,10.0,-37.8016,144.9988
ID478185397,100 Perry St,2,h,1010000.0,22/08/2016,1.0,1.0,285.0,4.0,-37.774,145.0244
ID990803581,1/8 Estella St,4,t,1350000.0,16/07/2016,2.0,2.0,342.0,59.0,-37.8622,145.0634
ID265812453,3/1 Edinburgh St,3,u,810000.0,15/10/2016,1.0,1.0,195.0,59.0,-37.9396,145.0156
ID713152706,33 McCracken St,4,h,1817000.0,29/04/2017,2.0,1.0,309.0,44.0,-37.791,144.928
ID549048776,3/2 Cawkwell St,3,t,1390000.0,14/05/2016,2.0,1.0,227.0,24.0,-37.8577,145.0406
ID243540189,177 Barkly St,4,h,1800000.0,15/10/2016,2.0,3.0,271.0,119.0,-37.7769,144.9691
ID816480629,16 Shoppers La,3,h,427500.0,1/07/2017,2.0,2.0,189.0,17.0,-37.70308,144.79953999999995
ID379404972,73 The Avenue,3,h,1040000.0,3/09/2016,1.0,3.0,690.0,69.0,-37.8272,144.8789
ID305328142,30 Pinrush Rd,4,h,456000.0,29/07/2017,2.0,2.0,576.0,9.0,-37.69104,144.54532
ID487285983,3 Milton Wy,3,h,600000.0,9/09/2017,2.0,2.0,785.0,44.0,-37.637,145.20166
ID421943154,19/36 Grange Rd,1,u,515501.0,12/11/2016,1.0,1.0,0.0,49.0,-37.8373,145.0116
ID757855218,49 Warmington Rd,3,h,451000.0,30/07/2016,1.0,6.0,655.0,41.0,-37.8022,144.8235
ID558943121,2/1 Darook St,2,u,725000.0,17/06/2017,2.0,2.0,311.0,59.0,-37.83459000000001,145.15721000000005
ID550927149,99 Fawkner St,4,h,1325000.0,25/02/2017,2.0,2.0,674.0,23.0,-37.7617,144.8956
ID154467855,10/4 Poets Gr,1,u,350000.0,8/07/2017,1.0,0.0,0.0,59.0,-37.88111,144.99053999999995
ID570748631,20 Kent St,2,h,920000.0,15/07/2017,2.0,0.0,234.0,109.0,-37.78052,144.93001999999996
ID884519360,36 Newman St,3,h,1100000.0,1/07/2017,1.0,1.0,322.0,20.0,-37.76073,144.94803000000005
ID302865729,11 Hotham St,3,h,1395000.0,16/04/2016,1.0,2.0,467.0,73.0,-37.8093,144.8941
ID564687185,13 Winbrook Ct,5,h,1820000.0,3/09/2017,3.0,2.0,630.0,49.0,-37.78151,145.12515
ID615177746,6/23 Gourlay St,2,u,442000.0,17/09/2016,1.0,1.0,0.0,59.0,-37.8726,144.9962
ID183064533,60 Muriel St,5,h,1215000.0,3/09/2017,2.0,2.0,647.0,3.0,-37.74269,144.88607
ID999315863,9/99 Barton St,2,u,335000.0,22/08/2016,1.0,1.0,0.0,7.0,-37.7112,144.9989
ID661674249,22 Roseland Cr,3,h,520000.0,19/08/2017,1.0,2.0,538.0,39.0,-37.88531,144.68431
ID367842269,36 Emerald St,5,h,2200000.0,1/07/2017,3.0,2.0,607.0,3.0,-37.75148,144.88519
ID250624766,12 Wills St,5,h,2450000.0,28/05/2016,2.0,2.0,981.0,59.0,-37.8058,145.0627
ID182595442,1/5 Park St,1,u,415000.0,24/09/2016,1.0,1.0,0.0,69.0,-37.7623,144.9211
ID958855370,6 Archibald St,3,h,4000000.0,18/06/2016,1.0,2.0,763.0,74.0,-37.8166,145.1215
ID494231127,3 Leyte Pde,3,h,880000.0,6/05/2017,1.0,2.0,689.0,4.0,-37.7382,145.0451
ID857743885,8/289 Barkly St,2,u,470000.0,15/07/2017,1.0,0.0,0.0,69.0,-37.873490000000004,144.9798
ID712888324,4 The Parade,2,h,950000.0,7/05/2016,1.0,1.0,173.0,119.0,-37.7731,144.9206
ID437805798,4 Gellion Pl,4,h,621000.0,26/08/2017,2.0,2.0,574.0,22.0,-37.63499,144.93409
ID148851985,1/35 Holyrood St,3,t,1660000.0,15/07/2017,2.0,2.0,478.0,49.0,-37.93297000000001,144.99771
ID242231909,52 Blanche St,3,h,920000.0,15/10/2016,2.0,2.0,124.0,19.0,-37.8656,144.9851
ID689835706,31 Raleigh St,2,h,1350000.0,28/08/2016,1.0,1.0,157.0,119.0,-37.8522,144.986
ID265613355,23 Campbell St,3,h,1875000.0,10/09/2016,2.0,2.0,426.0,19.0,-37.8012,145.0514
ID142616718,2/641 Toorak Rd,2,u,682000.0,3/06/2017,1.0,1.0,713.0,44.0,-37.84301,145.02641
ID577584737,39 Crevelli St,3,h,612500.0,3/09/2017,1.0,1.0,170.0,69.0,-37.729240000000004,145.02981
ID301939214,383 Burwood Hwy,3,h,1750500.0,29/07/2017,1.0,2.0,719.0,79.0,-37.85156,145.13054
ID380118144,1201/565 Flinders St,2,u,683000.0,22/04/2017,2.0,1.0,1136.0,10.0,-37.8211,144.9559
ID381149652,4 Finn Ct,3,h,1051000.0,10/12/2016,2.0,1.0,962.0,49.0,-37.7644,145.112
ID144088247,18 Collins St,4,h,1750000.0,27/11/2016,3.0,2.0,641.0,9.0,-37.7982,145.0281
ID565519151,15 New St,4,h,770000.0,29/07/2017,2.0,2.0,723.0,49.0,-37.8476,145.29493
ID366917786,7 Londrew Ct,3,h,540000.0,26/08/2017,1.0,1.0,607.0,49.0,-37.69423,144.88002
ID589241667,17 Orange Gr,3,h,700000.0,3/06/2017,2.0,1.0,509.0,39.0,-37.84823,145.26673
ID159875991,11 Beevers St,3,h,708000.0,15/10/2016,1.0,2.0,585.0,59.0,-37.8258,144.8523
ID315282702,2/10 Vincent St,3,t,870000.0,6/08/2016,2.0,2.0,158.0,19.0,-37.9271,145.0281
ID641759623,9a The Crossway,3,h,650000.0,7/05/2016,2.0,2.0,3977.0,6.0,-37.747,144.8663
ID978957021,3/62 Darebin St,2,t,738000.0,27/05/2017,1.0,2.0,154.0,34.0,-37.75343,145.06328
ID886903153,40 Wales St,2,h,940000.0,7/05/2016,1.0,1.0,372.0,69.0,-37.7631,145.0091
ID378173744,17/46 Eucalyptus Dr,2,u,352500.0,18/03/2017,1.0,1.0,15100.0,7.0,-37.7795,144.8729
ID541946189,7 Gladstone St,4,h,1250000.0,10/12/2016,1.0,2.0,613.0,59.0,-37.7433,144.9762
ID755690244,2/1 Clark St,1,h,395000.0,25/02/2017,1.0,1.0,94.0,5.0,-37.7186,145.011
ID280239538,3 Narrak Rd,5,h,2180000.0,24/06/2017,3.0,2.0,646.0,15.0,-37.81369,145.09486
ID124269958,2/60 Darebin St,4,u,915000.0,24/06/2017,2.0,2.0,419.0,109.0,-37.7537,145.06341
ID625053980,3 Charles St,3,h,1102000.0,27/11/2016,1.0,2.0,1020.0,7.0,-37.709,144.9434
ID159539236,58 Fenton St,4,h,1340000.0,14/05/2016,2.0,2.0,683.0,41.0,-37.775,144.93200000000004
ID510522092,6/8 Arthur St,2,u,442000.0,7/05/2016,1.0,1.0,0.0,69.0,-37.7589,144.89700000000005
ID316601645,35 Panorama Dr,4,h,945000.0,15/07/2017,2.0,2.0,294.0,9.0,-37.85156,145.16923
ID144285707,12 Patterson Av,4,h,1702000.0,16/09/2017,1.0,1.0,762.0,59.0,-37.84162,145.10435
ID979635718,56 Hall St,2,h,890000.0,8/04/2017,1.0,0.0,165.0,79.0,-37.8415,144.884
ID935772397,6/56 Red Bluff St,2,u,879000.0,17/06/2017,1.0,1.0,0.0,49.0,-37.963409999999996,145.01735
ID486258431,5 Woodlands Av,2,h,1325000.0,16/09/2017,1.0,2.0,422.0,79.0,-37.79938,145.05662
ID540281720,39 Elizabeth St,4,h,1860000.0,13/05/2017,3.0,2.0,620.0,13.0,-37.9228,145.0555
ID659411927,4/36 Sylvan Gr,2,u,495000.0,7/11/2016,1.0,1.0,207.0,44.0,-37.7283,144.9417
ID998464451,248 Montague St,3,h,1650000.0,17/09/2016,2.0,0.0,204.0,129.0,-37.8357,144.9531
ID502207676,7 Huxley Ct,4,h,1030000.0,24/06/2017,2.0,2.0,1094.0,49.0,-37.85757,145.2615
ID683527708,2 Bell St,3,h,1310000.0,28/08/2016,1.0,2.0,464.0,39.0,-37.8539,145.0702
ID687099074,33 Fenton St,4,h,1750000.0,17/06/2017,2.0,1.0,360.0,109.0,-37.77459,144.92993
ID347746405,135 Manningham Rd,4,h,1085000.0,10/12/2016,2.0,1.0,1124.0,59.0,-37.7679,145.0958
ID483009655,9/88 Marshall St,2,u,480000.0,3/09/2016,1.0,1.0,0.0,69.0,-37.77,145.0472
ID370302211,205/88 Dow St,2,u,730000.0,22/04/2017,1.0,1.0,0.0,14.0,-37.842,144.9413
ID134423878,9 Somerset St,2,h,775000.0,30/07/2016,1.0,2.0,527.0,69.0,-37.7304,144.9261
ID885701539,34 Park La,3,h,1586000.0,23/09/2017,1.0,1.0,718.0,64.0,-37.88061,145.12448999999995
ID439873837,10/30 Mater St,2,u,713500.0,22/08/2016,2.0,1.0,1060.0,9.0,-37.7954,144.9868
ID800725077,13 Birrarrung Ct,4,h,1475000.0,24/09/2016,2.0,2.0,617.0,21.0,-37.7569,145.0913
ID803208577,3 Birk Ct,3,h,680000.0,8/04/2017,2.0,1.0,277.0,9.0,-37.7039,144.8986
ID225629849,10 Wattle Gr,5,h,2000000.0,25/02/2017,3.0,4.0,697.0,14.0,-37.8664,144.8416
ID270867692,9 Gildan St,3,h,2000000.0,28/08/2016,1.0,2.0,75100.0,22.0,-37.8002,145.07
ID544987263,303/166 Flinders St,1,u,440000.0,22/08/2016,1.0,1.0,0.0,99.0,-37.8168,144.9691
ID898641031,15/60 Farnham St,2,u,505000.0,22/07/2017,1.0,1.0,0.0,64.0,-37.78257,144.93106
ID399278615,44 Denbigh Rd,4,h,3625000.0,27/11/2016,1.0,2.0,709.0,119.0,-37.8574,145.016
ID372501664,5 Gretel Pl,3,h,690000.0,24/06/2017,2.0,2.0,703.0,39.0,-38.03062,145.35951
ID435015207,44 William St,2,h,1550000.0,12/11/2016,2.0,2.0,404.0,66.0,-37.9104,145.002
ID863679200,3/24 Green St,3,t,750000.0,16/04/2016,1.0,1.0,110.0,29.0,-37.765,145.0407
ID543266509,1/19 Warrina St,4,t,965000.0,17/09/2016,3.0,2.0,273.0,7.0,-37.8742,145.105
ID825047629,14/129 Kambrook Rd,2,u,655000.0,13/05/2017,1.0,1.0,0.0,54.0,-37.8806,145.0346
ID343275763,5/273 Bluff Rd,2,u,770000.0,22/07/2017,1.0,1.0,208.0,49.0,-37.95265,145.02045
ID230312855,5/9 Sandown Rd,4,t,900000.0,13/05/2017,3.0,2.0,0.0,8.0,-37.7831,144.9209
ID782908322,42 West St,3,h,725000.0,24/09/2016,2.0,4.0,560.0,49.0,-37.7136,144.9374
ID504864495,52 Parramatta Rd,4,h,490500.0,3/09/2017,2.0,2.0,586.0,18.0,-37.88639000000001,144.6555
ID974589299,4/93 Harding St,3,t,590000.0,17/09/2016,2.0,2.0,0.0,6.0,-37.7458,144.9751
ID535013380,13 Franklin St,3,h,725000.0,22/05/2016,2.0,1.0,374.0,69.0,-37.939,145.0533
ID708322805,9 Kelverne St,3,h,685000.0,24/06/2017,1.0,3.0,494.0,59.0,-37.71477,144.98235
ID834419691,69 Gloucester Rd,3,h,1555000.0,16/09/2017,1.0,4.0,649.0,69.0,-37.87,145.08803
ID624910104,2/19 Bruce St,2,t,1210000.0,19/11/2016,2.0,2.0,101.0,119.0,-37.8367,145.0076
ID134737709,171 North Rd,5,h,1880000.0,27/05/2017,2.0,2.0,538.0,129.0,-37.89989,145.00883000000005
ID634028415,6 Martin St,2,h,972000.0,26/07/2016,1.0,0.0,229.0,99.0,-37.7611,145.0009
ID692013456,36 Tyrone St,3,h,1540000.0,28/05/2016,2.0,1.0,149.0,16.0,-37.8448,144.9882
ID869789607,5/33 Gnarwyn Rd,2,u,632500.0,28/05/2016,1.0,1.0,99.0,54.0,-37.8946,145.0588
ID386449126,6 Forest St,2,h,981000.0,17/09/2016,1.0,0.0,188.0,119.0,-37.7964,144.9923
ID753690459,310/71 Henry St,1,u,380000.0,29/04/2017,1.0,1.0,2592.0,44.0,-37.7961,144.9261
ID529610777,58 Station St,3,h,780000.0,9/09/2017,1.0,2.0,292.0,64.0,-38.019079999999995,145.09702
ID427505042,7 Rosina St,4,h,1920000.0,20/05/2017,2.0,2.0,650.0,23.0,-37.9323,145.0445
ID175528362,24 Henrietta Av,4,h,559000.0,15/07/2017,2.0,2.0,480.0,4.0,-38.07054,145.42553999999996
ID525566391,2/50 Gibdon St,3,h,1100000.0,17/06/2017,2.0,2.0,1212.0,9.0,-37.82982,145.01038
ID455867276,61 Mooltan St,3,h,1257000.0,13/08/2016,2.0,1.0,337.0,89.0,-37.7813,144.9371
ID182276444,35 Frater St,3,h,1770000.0,27/06/2016,1.0,1.0,698.0,7.0,-37.7902,145.061
ID384174279,44 Garton St,4,t,2455000.0,26/08/2017,3.0,2.0,123.0,9.0,-37.83349000000001,144.9484
ID820599433,1/10 Wilton Gr,3,t,1350000.0,3/09/2016,2.0,2.0,1170.0,89.0,-37.8831,144.9801
ID834726235,14 Sackville St,3,h,785000.0,10/12/2016,1.0,0.0,592.0,69.0,-37.7477,145.0481
ID851155887,6 Waller Ct,3,h,786000.0,26/07/2016,2.0,1.0,576.0,79.0,-37.7816,144.9217
ID700823082,2/13 Alexander St,1,u,366000.0,16/07/2016,1.0,1.0,0.0,49.0,-37.796,144.9911
ID824502012,194 Miller St,4,h,950000.0,27/11/2016,2.0,1.0,243.0,14.0,-37.7506,144.9847
ID544263872,1/22 Nonna St,3,h,875000.0,8/07/2017,2.0,2.0,295.0,13.0,-37.90088,145.11692
ID753280585,32 Agg St,2,h,1130000.0,23/09/2017,1.0,2.0,343.0,39.0,-37.84332,144.87718
ID234502887,10A Coniston Av,3,t,780000.0,29/07/2017,2.0,1.0,195.0,14.0,-37.7325,144.88272
ID597518207,27 Wellington St,3,h,915000.0,22/07/2017,1.0,2.0,447.0,109.0,-37.792,144.86856
ID630218477,49 Leopold St,4,h,2600000.0,18/03/2017,2.0,2.0,141.0,139.0,-37.8366,144.9827
ID825923726,243 Graham St,2,h,1101000.0,10/12/2016,1.0,0.0,152.0,109.0,-37.8393,144.9386
ID502667318,1/91 Truganini Rd,2,u,620000.0,3/06/2017,1.0,2.0,158.0,49.0,-37.89267,145.05473999999995
ID737235741,103/115 Tennyson St,2,u,685000.0,7/05/2016,1.0,1.0,0.0,54.0,-37.8818,144.9918
ID319570754,605/4 Bik La,2,u,720000.0,10/12/2016,2.0,1.0,4296.0,8.0,-37.7846,144.9785
ID749236426,105 Ivanhoe Pde,4,h,1758000.0,25/02/2017,2.0,2.0,650.0,39.0,-37.7607,145.0456
ID857049581,17 Kooyong Rd,4,h,2000000.0,28/05/2016,3.0,4.0,544.0,21.0,-37.8611,145.0195
ID995682354,11 Inglisby Rd,4,h,2320000.0,1/07/2017,2.0,5.0,728.0,3.0,-37.81402,145.10336
ID136813712,28 Kestrel Rd,4,h,875000.0,8/07/2017,2.0,2.0,613.0,15.0,-37.62648,145.07141000000001
ID265342829,33 Moonstone Cct,4,h,537000.0,26/08/2017,2.0,2.0,447.0,23.0,-37.75405,144.82013999999995
ID829007962,6 Chester St,3,h,1360000.0,4/06/2016,2.0,1.0,704.0,79.0,-37.852,145.0942
ID430734728,7 Colclough Ct,5,h,880000.0,30/07/2016,3.0,2.0,387.0,59.0,-37.7225,144.9055
ID501052596,4 Lord St,3,h,585000.0,6/08/2016,1.0,1.0,605.0,59.0,-37.6985,144.9615
ID550257944,2 Bazentin St,3,h,570000.0,1/07/2017,1.0,0.0,423.0,99.0,-37.77917,144.82223
ID338759646,8 Hill St,3,h,2500000.0,17/06/2017,2.0,2.0,440.0,69.0,-37.833,145.01322
ID282782133,16 Scott St,2,h,1630000.0,23/09/2017,1.0,0.0,284.0,99.0,-37.812020000000004,145.04217
ID233435213,2/7 Fawkner St,2,u,380000.0,18/03/2017,1.0,1.0,622.0,49.0,-37.7557,144.8966
ID599174306,4/79 Mitford St,3,t,920000.0,27/11/2016,2.0,2.0,758.0,9.0,-37.8768,144.9845
ID645889239,43 Waltham St,3,h,1500000.0,3/09/2017,1.0,2.0,241.0,129.0,-37.78365,144.93015
ID641909570,7 Turnbull St,4,h,1825000.0,6/05/2017,1.0,2.0,306.0,7.0,-37.7888,144.9929
ID129800178,9 Ayr St,4,h,670000.0,16/04/2016,2.0,2.0,578.0,39.0,-37.7064,145.0321
ID773774291,1/7 Dalston Rd,3,u,1203500.0,27/05/2017,2.0,2.0,311.0,19.0,-37.89829,145.08141
ID254925252,1/1 Cherryhinton St,2,u,790000.0,4/03/2017,1.0,1.0,195.0,54.0,-37.826,145.129
ID490533555,7 Cathies La,5,h,1180000.0,23/09/2017,2.0,4.0,738.0,39.0,-37.863279999999996,145.21477
ID951616729,2/195 Clarke St,2,u,692000.0,25/02/2017,1.0,1.0,0.0,7.0,-37.7765,144.9984
ID753696666,117 Charles St,3,h,1255000.0,28/05/2016,1.0,1.0,231.0,109.0,-37.8467,144.9894
ID964898437,38 Tribe St,3,h,2633000.0,4/03/2017,1.0,0.0,276.0,119.0,-37.838,144.9489
ID382289013,17 Blackwood Ct,4,h,750000.0,22/07/2017,2.0,2.0,447.0,28.0,-37.756370000000004,144.77983
ID767415318,57 Brandon St,2,h,1699000.0,3/09/2016,1.0,2.0,653.0,84.0,-37.8573,145.077
ID833698694,408/1 Brunswick Rd,1,u,390500.0,22/07/2017,1.0,1.0,0.0,8.0,-37.77883,144.9776
ID862215640,7 Durkin St,3,h,945000.0,28/05/2016,2.0,1.0,487.0,2.0,-37.8438,144.8806
ID269582531,1/39 New St,2,t,650000.0,6/08/2016,2.0,1.0,151.0,8.0,-37.8289,144.8671
ID950927736,66 Dunstan Pde,4,h,1915000.0,4/03/2017,3.0,1.0,323.0,84.0,-37.8371,144.921
ID226866344,31 Development Bvd,4,h,722500.0,24/06/2017,2.0,2.0,643.0,18.0,-37.65959,145.08302
ID141672362,108 Oak Av,3,t,840000.0,3/09/2017,2.0,2.0,163.0,7.0,-37.97459,145.06937
ID501952032,232 Main St,3,h,580000.0,8/07/2017,1.0,2.0,538.0,44.0,-37.67751,144.98663
ID785759493,14 Indra Rd,3,h,1264000.0,24/06/2017,1.0,2.0,579.0,59.0,-37.83831,145.13985
ID733995840,8 Banool Ct,4,h,932000.0,1/07/2017,2.0,2.0,880.0,49.0,-37.79587,145.2683
ID306704856,87 Chancellor Dr,4,h,1171000.0,3/06/2017,2.0,3.0,800.0,51.0,-37.92024,145.18049
ID345016096,17 Quarry Cct,4,h,1020000.0,24/06/2017,2.0,2.0,441.0,17.0,-37.73572,144.97256000000004
ID695224021,12/66 Riddell Pde,2,u,626000.0,17/09/2016,1.0,1.0,1764.0,89.0,-37.8889,145.0043
ID845622536,10 Gilbank St,3,h,921500.0,22/05/2016,2.0,1.0,527.0,69.0,-37.7238,144.9964
ID949846022,7 Benson St,3,h,1676000.0,3/06/2017,1.0,1.0,294.0,9.0,-37.8239,145.0022
ID901575891,3/201 Rosanna Rd,3,u,600000.0,14/05/2016,2.0,2.0,169.0,9.0,-37.7415,145.0726
ID830656196,7 Hunter St,2,h,1326000.0,22/08/2016,1.0,0.0,254.0,119.0,-37.8674,145.0355
ID777520356,17 Drummond St,3,h,1246000.0,12/08/2017,1.0,2.0,702.0,54.0,-37.83504,145.15941
ID400100682,47 Suffolk Rd,3,h,2200000.0,10/09/2016,2.0,4.0,816.0,69.0,-37.8304,145.0934
ID258975205,2/161 Ogilvie St,3,h,801500.0,18/03/2017,1.0,1.0,175.0,3.0,-37.7393,144.894
ID674910200,167 Clarke St,5,h,4300000.0,24/09/2016,4.0,3.0,569.0,109.0,-37.7763,144.9964
ID932860259,5 Rubens Ct,4,h,1035000.0,27/05/2017,2.0,2.0,702.0,7.0,-37.91075,145.18758
ID184208556,168 Scotchmer St,3,h,1581000.0,28/05/2016,1.0,0.0,193.0,109.0,-37.7836,144.985
ID416975207,695 Heatherton Rd,3,h,1250500.0,9/09/2017,1.0,2.0,1226.0,69.0,-37.95988,145.13279
ID317837638,7/297 Dandenong Rd,2,u,480000.0,18/03/2017,1.0,2.0,0.0,49.0,-37.8592,145.0054
ID758626480,2 Wallingford Pl,3,h,755000.0,15/07/2017,2.0,2.0,551.0,16.0,-37.94266,145.24662
ID494915011,4/14 Brickwood St,2,u,858000.0,18/03/2017,1.0,1.0,107.0,69.0,-37.8958,144.9982
ID286849333,61 Henry St,4,h,1550000.0,23/09/2017,2.0,1.0,344.0,119.0,-37.77171,144.99565
ID736669772,1A Shelford Gr,4,h,952000.0,9/09/2017,2.0,3.0,681.0,49.0,-37.98145,145.12833999999995
ID956926462,3 Doull Ct,3,t,650000.0,3/09/2017,2.0,1.0,145.0,4.0,-37.932109999999994,145.18955
ID921811252,15 Virginia St,3,h,1850000.0,8/07/2017,1.0,1.0,717.0,59.0,-37.87754,145.12076000000005
ID708300624,2/23 Foam St,2,u,582500.0,8/10/2016,1.0,1.0,0.0,49.0,-37.885,144.991
ID807470628,7 Northbrook Av,4,h,860000.0,26/08/2017,2.0,3.0,633.0,9.0,-37.856120000000004,145.03273000000004
ID755166152,77 Nicholson St,2,h,1250000.0,27/05/2017,1.0,2.0,368.0,99.0,-37.91304,145.0373
ID343297262,89 Ballarat St,2,h,950000.0,3/06/2017,1.0,0.0,150.0,119.0,-37.819559999999996,144.89054
ID473770790,30 Bourchier St,3,h,670000.0,10/12/2016,1.0,4.0,734.0,59.0,-37.7007,144.9378
ID171644587,30 Mirams St,4,h,1300000.0,27/11/2016,1.0,4.0,664.0,99.0,-37.7765,144.9132
ID550209896,23 Castlemaine St,3,h,1380000.0,27/11/2016,2.0,2.0,235.0,109.0,-37.815,144.8928
ID794290889,25 Caldwell Rd,3,h,865000.0,12/08/2017,1.0,2.0,603.0,79.0,-37.835,145.21086
ID715596015,39 Warleigh Gr,2,h,1350000.0,13/05/2017,1.0,1.0,873.0,20.0,-37.9043,145.0048
ID885850695,8/54 Kneen St,1,u,330000.0,19/11/2016,1.0,1.0,0.0,49.0,-37.782,144.9896
ID837163603,47 Brougham St,3,h,1668000.0,11/02/2017,2.0,2.0,289.0,49.0,-37.8048,145.0303
ID793150869,49 Tennyson St,3,h,1800000.0,19/08/2017,2.0,1.0,460.0,109.0,-37.872409999999995,145.05103
ID492689897,15 Yeovil Rd,4,h,2950000.0,27/11/2016,2.0,2.0,1485.0,53.0,-37.8509,145.0856
ID180841747,60 Carrington Cr,3,h,578000.0,16/09/2017,2.0,2.0,673.0,14.0,-38.1046,145.19339
ID425324720,57 Wales St,3,h,925000.0,24/09/2016,1.0,1.0,275.0,99.0,-37.8085,144.8802
ID487715826,9/129 The Parade,3,u,487500.0,27/06/2016,1.0,3.0,0.0,47.0,-37.7723,144.9094
ID347335622,84 Dalny Rd,3,t,1100000.0,4/06/2016,2.0,2.0,242.0,14.0,-37.9017,145.0739
ID475782748,378 Manningham Rd,4,h,1401000.0,25/02/2017,3.0,2.0,650.0,49.0,-37.7785,145.1212
ID383931402,68 Thompson St,3,h,680000.0,6/08/2016,1.0,2.0,570.0,49.0,-37.7591,144.8542
ID223942662,16/109 Hotham St,2,u,600000.0,3/09/2017,1.0,1.0,2283.0,39.0,-37.870779999999996,144.99898000000005
ID196508938,148 Donald St,3,h,1120000.0,22/07/2017,1.0,1.0,322.0,99.0,-37.75887,144.97326
ID196567912,8 Gilbert St,3,h,1260000.0,19/11/2016,2.0,0.0,407.0,89.0,-37.7471,144.9579
ID956534330,116 Essex St,3,h,820000.0,28/08/2016,2.0,2.0,335.0,6.0,-37.7937,144.8782
ID436601828,219 Waiora Rd,3,h,915000.0,23/09/2017,2.0,2.0,604.0,64.0,-37.730979999999995,145.06043
ID743716879,23A The Boulevard,5,h,1920000.0,27/11/2016,3.0,2.0,900.0,64.0,-37.7868,145.0677
ID925025193,7 Robyn Ct,4,h,801347.0,16/07/2016,2.0,1.0,567.0,49.0,-37.9361,145.0816
ID794958140,89 Henty St,2,h,790000.0,25/02/2017,1.0,1.0,585.0,69.0,-37.719,144.9972
ID594343249,23 Goodenia Cl,3,h,440000.0,8/07/2017,1.0,2.0,570.0,27.0,-37.647690000000004,144.91359
ID235609162,11 Hosking St,3,h,1367000.0,27/05/2017,1.0,2.0,410.0,7.0,-37.85569,144.89373999999995
ID372726269,84 Loch Rd,3,h,618500.0,15/07/2017,1.0,2.0,540.0,49.0,-37.95661,145.2191
ID495951736,1/31 Mercer Rd,3,u,869000.0,28/05/2016,1.0,1.0,0.0,79.0,-37.853,145.0264
ID872410827,146 East St,4,h,741000.0,22/07/2017,1.0,2.0,652.0,59.0,-37.705420000000004,144.95127
ID820929558,10/117 Albert St,2,u,355000.0,24/09/2016,1.0,1.0,0.0,44.0,-37.8066,144.8971
ID596317590,9 Goodman St,2,h,955000.0,29/04/2017,1.0,0.0,1328.0,139.0,-37.7731,144.9568
ID837080541,4 Kallara Gr,5,h,930000.0,10/09/2016,2.0,2.0,330.0,19.0,-37.7859,144.8898
ID823648948,360 Howe Pde,3,h,1230000.0,19/08/2017,1.0,0.0,340.0,7.0,-37.83674,144.9242
ID254822826,4/1 Princess St,3,h,1100000.0,22/08/2016,2.0,1.0,126.0,8.0,-37.8208,145.0013
ID681893403,68 Nyah St,3,h,1001000.0,17/06/2017,1.0,2.0,605.0,41.0,-37.73137,144.86882
ID756319658,31a Winter St,3,h,2300000.0,30/07/2016,2.0,2.0,313.0,99.0,-37.8603,145.0322
ID386191623,75 Woods St,4,h,1620000.0,14/05/2016,3.0,1.0,425.0,4.0,-37.8456,144.8741
ID116568059,1/44 Ascot Vale Rd,2,u,390000.0,22/04/2017,1.0,1.0,472.0,59.0,-37.7851,144.922
ID484918869,8/201 Abbotsford St,2,t,1300000.0,18/06/2016,2.0,1.0,0.0,89.0,-37.8029,144.9452
ID964489067,18 Rose St,2,h,1705000.0,20/05/2017,2.0,0.0,195.0,8.0,-37.851,145.0156
ID174316834,1 Crawford Rd,3,h,900000.0,28/08/2016,3.0,2.0,385.0,49.0,-37.7774,145.1205
ID608226344,4/85 St David St,2,u,486000.0,24/09/2016,1.0,1.0,0.0,59.0,-37.760999999999996,145.0055
ID132268947,84 Raleigh St,2,h,760000.0,16/04/2016,1.0,0.0,0.0,119.0,-37.7595,145.0061
ID932488488,327 Gillies St,3,h,1210000.0,12/06/2016,2.0,2.0,398.0,44.0,-37.76300000000001,145.0198
ID443636559,140 Swanston St,4,h,1375000.0,27/05/2017,2.0,1.0,662.0,69.0,-37.75763,145.09974
ID860973767,13 Pearce St,2,h,710000.0,4/03/2017,1.0,0.0,164.0,109.0,-37.8198,144.8839
ID392592059,67 Winfield Rd,4,h,1850000.0,22/07/2017,4.0,3.0,929.0,59.0,-37.79497,145.10538
ID240828035,5/11 Albion St,2,u,497500.0,28/08/2016,0.0,0.0,0.0,91.0,-37.8739,144.9929
ID384842515,11 Carrathool St,3,h,1400000.0,10/12/2016,1.0,3.0,770.0,54.0,-37.7644,145.0886
ID997953177,10 Hansen Rd,4,h,950000.0,15/07/2017,2.0,4.0,2033.0,49.0,-37.86669000000001,145.29959
ID808362821,74 Arthur St,3,h,796000.0,24/06/2017,2.0,2.0,534.0,69.0,-37.69852,145.04836
ID927300574,41 Gordon St,3,t,950000.0,29/07/2017,2.0,2.0,211.0,49.0,-37.83712,144.86686
ID150655007,23 Maryville St,4,h,1925000.0,27/11/2016,2.0,3.0,485.0,14.0,-37.8754,144.9944
ID902653110,6 Millers Rd,2,h,1005000.0,22/04/2017,1.0,2.0,780.0,69.0,-37.8241,144.8419
ID353732406,18 Achilles St,2,h,415000.0,28/05/2016,1.0,1.0,422.0,59.0,-37.7343,145.04399999999995
ID803872412,60 Arden St,4,h,1475000.0,12/08/2017,2.0,1.0,137.0,3.0,-37.80072,144.9496
ID978984774,9 Empress Rd,3,h,1864000.0,10/09/2016,2.0,1.0,405.0,69.0,-37.8203,145.0881
ID278718313,7 Dalworth St,2,h,765000.0,4/02/2016,1.0,2.0,672.0,61.0,-37.7812,144.8121
ID375746547,409/10 Hillingdon Pl,2,u,735000.0,17/06/2017,1.0,1.0,0.0,4.0,-37.85127,144.99434
ID648351609,203b Elizabeth St,2,t,570000.0,23/04/2016,2.0,2.0,186.0,5.0,-37.7263,144.9843
ID766711088,227 Murray Rd,2,h,850000.0,7/05/2016,1.0,1.0,356.0,79.0,-37.7384,145.0058
ID195624473,1/4 Southey Ct,2,u,670000.0,3/09/2017,1.0,0.0,643.0,69.0,-37.87571,144.98702
ID237584711,43 Andrew St,4,h,2004000.0,24/09/2016,2.0,1.0,569.0,109.0,-37.772,145.0039
ID566238489,4/30 Weir St,2,u,605000.0,4/06/2016,1.0,1.0,0.0,18.0,-37.8152,145.0843
ID468731923,1 Elphin St,2,h,1070000.0,29/04/2017,1.0,3.0,480.0,129.0,-37.8431,144.8919
ID362329879,52 Richardson St,3,h,508000.0,15/07/2017,2.0,1.0,189.0,29.0,-37.68159,145.0371
ID899001957,2 Colin St,4,h,990000.0,8/04/2017,1.0,6.0,654.0,69.0,-37.7803,144.8415
ID650053406,96A Through Rd,3,h,1861000.0,13/05/2017,2.0,2.0,324.0,129.0,-37.8418,145.0916
ID283986457,118 The Avenue,4,t,840000.0,17/09/2016,3.0,2.0,278.0,4.0,-37.8261,144.8718
ID367941059,4/63 Hampton Rd,4,t,652500.0,15/10/2016,2.0,1.0,179.0,24.0,-37.7527,144.8824
ID549101132,101 Middle St,2,h,722000.0,13/08/2016,3.0,1.0,580.0,69.0,-37.7098,144.9424
ID829587920,75 King St,3,h,910000.0,17/09/2016,1.0,1.0,775.0,69.0,-37.7231,144.8835
ID450443369,2A Mills St,2,t,1500000.0,29/04/2017,1.0,1.0,115.0,129.0,-37.8441,144.9598
ID190071248,203 Munro St,4,h,1400000.0,18/06/2016,1.0,1.0,856.0,49.0,-37.7432,144.9481
ID347555839,2 Clifton Ct,5,h,780000.0,17/06/2017,2.0,2.0,663.0,23.0,-37.694959999999995,144.79511000000005
ID369518539,13 Baily St,4,h,1387000.0,24/06/2017,2.0,4.0,691.0,823.0,-37.86827,145.1452
ID498041515,753 Gilbert Rd,3,h,755000.0,9/09/2017,1.0,1.0,482.0,54.0,-37.7197,144.99295
ID796323006,42 Gisborne St,4,h,1140000.0,24/09/2016,2.0,3.0,554.0,21.0,-37.7624,145.0961
ID258975205,2/161 Ogilvie St,3,h,801500.0,18/03/2017,1.0,1.0,175.0,3.0,-37.7393,144.894
ID888024124,2/31 Leslie Rd,2,u,485000.0,17/06/2017,1.0,1.0,1856.0,12.0,-37.76,144.91439
ID938333577,5/228 Reynard St,2,h,472000.0,27/06/2016,1.0,1.0,500.0,44.0,-37.747,144.9515
ID261166956,18/76 Mathoura Rd,1,u,552000.0,8/04/2017,1.0,1.0,0.0,16.0,-37.8428,145.0081
ID587728535,16/89 Neerim Rd,2,t,636500.0,22/05/2016,1.0,1.0,0.0,49.0,-37.8866,145.0396
ID536768539,4 Peel St,5,h,2415000.0,17/09/2016,3.0,2.0,803.0,15.0,-37.8463,144.8935
ID962065002,8 Skye Ct,3,h,724000.0,23/09/2017,2.0,2.0,482.0,29.0,-37.82391,145.30266
ID417967511,31 Miller Gr,3,h,2310000.0,10/12/2016,1.0,2.0,782.0,99.0,-37.8107,145.0219
ID915655835,3 Henderson Rd,4,h,821000.0,1/07/2017,1.0,6.0,763.0,3.0,-37.69048,144.87312
ID378734259,126 The Parade,2,h,1010000.0,19/11/2016,1.0,1.0,325.0,49.0,-37.7722,144.9117
ID724959759,87 Ballard St,4,h,1000000.0,1/07/2017,2.0,2.0,438.0,29.0,-37.81789000000001,144.86744
ID322031148,8/232 Williamstown Rd,2,u,500000.0,12/08/2017,1.0,1.0,0.0,6.0,-37.813520000000004,144.88311000000004
ID288225585,2 Honeyeater Cr,3,h,746000.0,23/09/2017,2.0,2.0,649.0,5.0,-37.69616,144.78587
ID232250779,61 Windsor Bvd,4,h,860000.0,15/07/2017,2.0,2.0,663.0,24.0,-37.79215,144.76285
ID183081136,66 Champion St,4,h,3900000.0,22/05/2016,2.0,2.0,842.0,29.0,-37.9227,145.0043
ID194966258,83 Fulham Rd,5,h,2840000.0,12/06/2016,4.0,4.0,809.0,109.0,-37.775,145.0268
ID906726090,9/17 Howitt St,2,u,570000.0,29/07/2017,1.0,1.0,0.0,54.0,-37.84679000000001,145.00206
ID384029860,234 Coppin St,3,h,1102000.0,4/02/2016,2.0,0.0,194.0,21.0,-37.8265,145.0022
ID324739338,9 Delaware St,3,h,900000.0,16/09/2017,1.0,1.0,694.0,129.0,-37.720890000000004,145.0153
ID233283593,3 Gooch St,2,h,1010000.0,3/06/2017,1.0,0.0,245.0,49.0,-37.75789,145.00136
ID821071235,27 Ashton St,3,h,705000.0,30/07/2016,1.0,1.0,437.0,89.0,-37.7291,145.02100000000004
ID465157302,171 Ashworth St,3,h,2623000.0,26/07/2016,2.0,2.0,181.0,9.0,-37.8536,144.9625
ID586817201,15 Maple St,4,h,1080000.0,3/09/2017,2.0,3.0,795.0,19.0,-37.9484,145.15663
ID484475750,111 Nepean Hwy,3,h,1060000.0,27/05/2017,2.0,1.0,306.0,44.0,-37.895070000000004,145.00477
ID135849433,2/252 Parer Rd,2,t,450000.0,7/05/2016,1.0,1.0,110.0,4.0,-37.7216,144.871
ID282537301,13/77 St James Rd,2,t,515000.0,18/03/2017,1.0,1.0,73.0,59.0,-37.7472,145.0702
ID146254470,4/21 Main St,3,t,755000.0,27/05/2017,1.0,2.0,234.0,26.0,-37.7254,144.92048
ID958446858,104/5 Ordnance Res,2,u,400000.0,12/11/2016,1.0,2.0,3967.0,12.0,-37.7706,144.8805
ID492591852,49 Bent St,3,h,1500000.0,28/05/2016,1.0,1.0,929.0,69.0,-37.8651,144.832
ID833192123,12/25 Byron St,1,u,410000.0,7/11/2016,1.0,1.0,1045.0,8.0,-37.802,144.9516
ID117737058,88 Eleanor St,3,h,775000.0,16/07/2016,1.0,1.0,242.0,99.0,-37.7956,144.8848
ID135670091,67 McEwan Rd,3,h,1010000.0,27/05/2017,1.0,2.0,648.0,6.0,-37.73658,145.05341
ID283226487,1 Carina Dr,5,h,460000.0,3/09/2017,2.0,2.0,590.0,27.0,-37.68217,144.56926
ID985024389,10 May St,4,h,931000.0,6/08/2016,1.0,1.0,499.0,29.0,-37.733000000000004,144.9988
ID659810236,2A Goodrich St,3,h,900000.0,29/07/2017,2.0,2.0,264.0,5.0,-37.91155,145.076
ID925139951,2/149 Carpenter St,3,u,1336000.0,3/06/2017,2.0,1.0,249.0,39.0,-37.90597,145.00208
ID318125695,706/30 St Andrews Pl,2,u,1400000.0,8/10/2016,2.0,1.0,0.0,129.0,-37.8118,144.9762
ID757124481,26 Forster St,3,h,730000.0,27/05/2017,1.0,4.0,695.0,56.0,-37.96015,145.16618
ID315604742,28/60 Harp Rd,1,u,395000.0,30/07/2016,1.0,1.0,0.0,14.0,-37.7999,145.0544
ID309495818,408 Moreland Rd,3,h,1200000.0,3/06/2017,1.0,1.0,473.0,129.0,-37.7535,144.94643
ID222254172,2 Celia St,6,h,2250000.0,10/09/2016,3.0,2.0,650.0,79.0,-37.8534,145.0785
ID123114894,2 Sanicki Ct,3,t,670000.0,27/11/2016,1.0,2.0,233.0,59.0,-37.9376,145.0784
ID514744885,17/16 Mawbey St,1,u,392000.0,17/06/2017,1.0,1.0,0.0,18.0,-37.78993,144.92306000000005
ID732322983,12b Coates St,4,t,1435000.0,6/08/2016,3.0,2.0,291.0,7.0,-37.9278,145.0337
ID506385347,6/5 Seaver Gr,2,u,340000.0,24/09/2016,1.0,1.0,151.0,44.0,-37.7126,144.99
ID763813358,480 Whitehorse Rd,3,h,1700000.0,4/06/2016,1.0,1.0,763.0,89.0,-37.8148,145.0965
ID981042368,9/2 Alfriston St,1,u,369000.0,18/03/2017,1.0,1.0,1547.0,49.0,-37.8749,144.9903
ID615699443,3/26 Ross St,3,h,800000.0,10/12/2016,2.0,2.0,331.0,9.0,-37.8847,144.9992
ID804445479,1c Mary St,2,h,770000.0,18/06/2016,2.0,1.0,76.0,6.0,-37.7443,145.0015
ID595300444,10/24 Eldridge St,2,u,316000.0,27/06/2016,1.0,1.0,0.0,59.0,-37.789,144.8932
ID819257409,5 Koorang La,3,h,1100000.0,18/06/2016,2.0,1.0,66.0,6.0,-37.8181,145.007
ID340122427,196 Melville Rd,2,h,816000.0,28/08/2016,2.0,1.0,343.0,89.0,-37.7552,144.9458
ID506311924,27 Higinbotham St,3,h,947000.0,7/11/2016,1.0,1.0,372.0,99.0,-37.735,144.9581
ID820865577,29 Hope St,3,h,1050000.0,24/09/2016,2.0,1.0,453.0,71.0,-37.7388,144.9844
ID534751702,11 Church St,3,h,1100500.0,19/08/2017,2.0,2.0,427.0,83.0,-37.79105,144.87913999999995
ID170690727,11 Turfan Cl,4,h,700000.0,26/08/2017,2.0,2.0,726.0,39.0,-37.72649000000001,144.80992
ID233754768,1/19 Robe St,2,u,586500.0,3/06/2017,1.0,1.0,3093.0,10.0,-37.86506,144.97777
ID586661232,50 Windella Av,3,h,2125000.0,16/09/2017,2.0,2.0,741.0,102.0,-37.7955,145.05046000000004
ID289710694,5/106 Addison St,2,u,680000.0,24/09/2016,1.0,1.0,0.0,89.0,-37.8811,144.9797
ID771571154,129 Outhwaite Rd,2,h,875000.0,24/06/2017,1.0,3.0,671.0,19.0,-37.739020000000004,145.04529
ID971110744,8 Hicks St,3,h,1051000.0,12/08/2017,2.0,2.0,597.0,10.0,-37.98703,145.09131000000005
ID809405876,31 Norma Rd,3,h,1131000.0,17/06/2017,1.0,2.0,697.0,131.0,-37.841879999999996,145.16982
ID276949818,49 Gowrie St,4,h,1137500.0,4/06/2016,1.0,2.0,696.0,7.0,-37.9157,145.0802
ID790366541,47 Churchill Wy,3,h,710000.0,19/08/2017,1.0,2.0,837.0,59.0,-37.796820000000004,145.30467
ID582603402,4/110 Walpole St,2,u,700000.0,6/05/2017,1.0,1.0,0.0,49.0,-37.7977,145.0333
ID638710024,39 Shrewsbury St,4,h,1365000.0,22/05/2016,1.0,1.0,582.0,59.0,-37.9129,145.0598
ID686990967,1A Brian St,4,t,1185000.0,10/12/2016,2.0,2.0,305.0,7.0,-37.9245,145.0507
ID232932425,10 Tanami Ct,4,h,1401000.0,6/08/2016,2.0,2.0,617.0,69.0,-37.7582,145.0889
ID289402412,9 Armin St,4,h,950000.0,16/09/2017,2.0,2.0,758.0,44.0,-37.88863,145.23435
ID844278567,21/70 Oshanassy St,2,u,560000.0,25/02/2017,1.0,1.0,2300.0,44.0,-37.7997,144.9472
ID408062951,21 Tait St,3,h,950000.0,14/05/2016,2.0,2.0,281.0,69.0,-37.8431,144.8845
ID281619549,76 Leopold St,3,h,2695000.0,12/11/2016,2.0,1.0,215.0,109.0,-37.8361,144.9831
ID732520766,26 Calverton Rd,4,h,500000.0,22/08/2016,1.0,2.0,574.0,34.0,-37.7336,144.8226
ID276815921,59 Glenview Rd,3,h,1205000.0,23/04/2016,1.0,2.0,650.0,19.0,-37.736,144.9202
ID223016938,44 Greenhills Dr,3,h,330000.0,22/07/2017,1.0,1.0,654.0,49.0,-37.67195,144.5788
ID275388813,27 Bevan St,4,h,2400000.0,3/12/2016,2.0,2.0,744.0,34.0,-37.8147,145.0748
ID680821733,13 Willonga St,3,h,1000000.0,25/02/2017,1.0,2.0,697.0,19.0,-37.7273,144.917
ID340422844,8 Riley St,3,h,1000000.0,12/11/2016,2.0,2.0,575.0,59.0,-37.9215,145.0925
ID827445575,7/282 Barkly St,1,u,360000.0,13/05/2017,1.0,0.0,0.0,60.0,-37.8749,144.9799
ID337345215,165 Spring St,2,h,762000.0,3/09/2017,1.0,1.0,556.0,69.0,-37.72422,145.00141000000005
ID423370122,4 Surrey St,4,h,870000.0,3/12/2016,3.0,5.0,591.0,9.0,-37.7127,144.9489
ID240458152,29 Seves St,3,h,1280000.0,24/06/2017,1.0,1.0,798.0,49.0,-37.86677,144.83722
ID543567479,26 South St,3,h,810000.0,4/03/2017,2.0,2.0,592.0,69.0,-37.7149,144.9473
ID666410660,9 Banks Pl,3,h,742000.0,26/08/2017,2.0,2.0,375.0,44.0,-37.68415,144.8999
ID875087333,7 Ambrose St,4,h,1375000.0,3/09/2017,2.0,3.0,652.0,49.0,-37.78145,145.13598000000005
ID623110938,146 North Rd,3,h,812000.0,12/06/2016,1.0,2.0,696.0,69.0,-37.7223,145.0126
ID860706645,2/27 Horton St,2,t,710000.0,15/07/2017,2.0,1.0,126.0,6.0,-37.72357,144.98561999999995
ID641759623,9a The Crossway,3,h,650000.0,7/05/2016,2.0,2.0,3977.0,6.0,-37.747,144.8663
ID818321169,1413 Dandenong Rd,5,h,1600000.0,15/10/2016,2.0,2.0,639.0,59.0,-37.8915,145.0844
ID233931804,33 Walker St,4,h,1400000.0,28/08/2016,2.0,2.0,595.0,119.0,-37.7641,144.9265
ID785589481,22 Waterloo Rd,3,h,1350000.0,24/06/2017,1.0,0.0,271.0,109.0,-37.7754,145.00229
ID291565172,2/4 Manly Ct,2,t,525000.0,27/05/2017,2.0,1.0,143.0,59.0,-37.72037,144.97023000000004
ID706141531,3/1 Inga St,3,u,740000.0,3/06/2017,1.0,1.0,211.0,15.0,-37.899409999999996,145.11523
ID224827173,12 Newcastle St,3,h,890000.0,26/07/2016,1.0,2.0,495.0,69.0,-37.7521,145.0114
ID834313567,2/44 Railway Pde S,3,u,700000.0,4/06/2016,2.0,1.0,224.0,13.0,-37.8738,145.1054
ID868689324,9 Sussex St,5,h,4700000.0,12/11/2016,3.0,2.0,1073.0,8.0,-37.918,144.9911
ID537947512,8 Sydenham St,3,h,1600000.0,27/05/2017,2.0,3.0,598.0,59.0,-37.95357,145.02651
ID592859351,107/61 Stawell St,1,u,432000.0,15/07/2017,1.0,1.0,7455.0,4.0,-37.82201,145.0104
ID638081172,84 May St,4,h,970000.0,25/02/2017,1.0,2.0,708.0,59.0,-37.833,144.8494
ID212519192,2/1073 Centre Rd,4,h,651000.0,7/05/2016,2.0,2.0,214.0,9.0,-37.9244,145.0883
ID467044823,31 Newman St,3,h,1200000.0,30/07/2016,2.0,1.0,332.0,99.0,-37.7569,144.9861
ID743792700,37 Newton St,5,h,2400000.0,12/08/2017,3.0,2.0,593.0,3.0,-37.83199000000001,145.10877
ID214005282,13/55 Darling St,2,u,650000.0,4/06/2016,1.0,1.0,0.0,33.0,-37.8344,144.9916
ID555233584,1/19 Dermot St,2,h,752500.0,18/06/2016,1.0,1.0,308.0,69.0,-37.9191,145.0855
ID512371693,133 Morell St,3,h,780000.0,3/09/2017,1.0,3.0,618.0,59.0,-37.69836,144.93891000000005
ID441187745,247 Barkly St,3,h,1225000.0,28/08/2016,1.0,1.0,248.0,19.0,-37.8714,144.9802
ID623676615,1/381 Elgar Rd,3,t,943000.0,29/07/2017,1.0,1.0,248.0,19.0,-37.82335,145.11358
ID622130268,6/99 Neerim Rd,2,u,350000.0,18/06/2016,1.0,1.0,0.0,59.0,-37.8868,145.0408
ID687156971,17 Longmuir Rd,3,h,785000.0,4/03/2017,1.0,2.0,0.0,49.0,-37.7114,145.0885
ID160183165,2a Iris St,2,h,633000.0,14/05/2016,1.0,1.0,276.0,54.0,-37.8454,145.0971
ID546692174,45 Yarra St,3,h,1195000.0,27/11/2016,2.0,1.0,120.0,21.0,-37.8022,144.9954
ID919018832,39 Eveline St,3,h,1125000.0,8/10/2016,1.0,1.0,278.0,109.0,-37.7701,144.9633
ID796760761,4 Longview Rd,3,h,515000.0,19/08/2017,1.0,0.0,915.0,49.0,-37.78495,145.3919
ID919630292,4 Greenhill Ct,5,h,1336000.0,4/03/2017,3.0,3.0,736.0,39.0,-37.7683,145.0881
ID582350967,2 Raven St,5,h,1510000.0,9/09/2017,2.0,3.0,677.0,49.0,-37.793479999999995,145.15241
ID929419660,44 Granite Wy,4,h,1100000.0,15/07/2017,4.0,2.0,500.0,8.0,-37.73573,144.87531
ID869181191,24 Home St,4,h,1162000.0,27/11/2016,3.0,4.0,695.0,59.0,-37.7264,145.0198
ID730432687,314/360 Lygon St,1,u,385000.0,20/05/2017,1.0,1.0,0.0,8.0,-37.7679,144.9725
ID974455970,2/9 Grace St,3,t,800000.0,17/06/2017,2.0,1.0,161.0,7.0,-37.735659999999996,144.89368000000005
ID592129561,22 Campbell St,3,h,1310000.0,19/08/2017,1.0,1.0,782.0,59.0,-37.869409999999995,145.17108000000005
ID864214122,707 Toorak Rd,4,h,3080000.0,26/08/2017,2.0,3.0,620.0,89.0,-37.84391,145.03376
ID451400651,41 Estelle St,3,h,980000.0,9/09/2017,2.0,1.0,573.0,49.0,-37.77892,145.09281000000001
ID840293801,32 Tyler St,3,h,560000.0,7/05/2016,1.0,2.0,591.0,79.0,-37.7333,145.0353
ID702190305,24 Florence St,5,h,1790000.0,29/04/2017,3.0,2.0,635.0,99.0,-37.7516,144.9593
ID777351515,1/1 Nangana Rd,2,u,602000.0,3/06/2017,1.0,1.0,1166.0,18.0,-37.88674,145.07234
ID347593195,23 Waltham St,4,h,1290000.0,3/06/2017,2.0,0.0,202.0,59.0,-37.78358,144.92927
ID225377843,35 Bevis St,3,h,9000000.0,29/07/2017,1.0,1.0,744.0,59.0,-37.93168,145.16126
ID902770253,169 Balcombe Rd,4,h,1700000.0,17/06/2017,2.0,2.0,731.0,39.0,-37.98035,145.05593000000005
ID664609533,39 Elimatta Rd,3,h,1430000.0,22/05/2016,2.0,2.0,603.0,74.0,-37.9023,145.0568
ID296408318,3/136 New St,3,u,1392000.0,13/05/2017,2.0,1.0,188.0,49.0,-37.9181,144.9933
ID665527461,22 Cavanagh St,4,h,1740000.0,29/07/2017,2.0,2.0,721.0,9.0,-37.9641,145.06547
ID843518235,22 Kalonga Rd,4,h,1650000.0,26/08/2017,2.0,3.0,868.0,59.0,-37.802170000000004,145.10183
ID787433247,11 Sackville St,4,h,1000500.0,30/07/2016,2.0,1.0,592.0,69.0,-37.7478,145.0477
ID531327863,2/42 Railway Pde,2,t,510000.0,17/09/2016,1.0,1.0,110.0,6.0,-37.7282,144.928
ID521057744,54b Salisbury St,3,t,842500.0,18/06/2016,2.0,1.0,216.0,24.0,-37.7607,144.9314
ID423112607,11 Rove La,2,h,365500.0,23/09/2017,1.0,2.0,184.0,49.0,-37.60835,145.12073
ID162704107,30 Stirling St,3,h,2180000.0,19/08/2017,1.0,2.0,372.0,114.0,-37.809459999999994,145.04251000000005
ID935069150,1/16 Osborne Av,2,t,965000.0,9/09/2017,2.0,1.0,704.0,39.0,-37.85698,145.04686
ID353556986,2/530 Victoria St,2,u,497000.0,28/05/2016,1.0,1.0,0.0,42.0,-37.7647,144.9412
ID640483497,1/60 Moonya Rd,3,u,820000.0,3/09/2016,1.0,2.0,0.0,30.0,-37.897,145.0623
ID979351391,72 Gooch St,3,t,865000.0,7/11/2016,2.0,2.0,158.0,49.0,-37.7586,145.0056
ID413754109,10/68 Kororoit Creek Rd,1,u,285000.0,10/09/2016,1.0,1.0,0.0,49.0,-37.8571,144.8841
ID783393628,1/15 Ross St,3,u,760000.0,18/06/2016,2.0,1.0,198.0,11.0,-37.7357,144.8908
ID120873478,129 Kerferd Rd,3,h,1900000.0,18/03/2017,1.0,0.0,209.0,119.0,-37.8468,144.9546
ID760048104,3 Plant St,4,h,3460000.0,4/06/2016,2.0,2.0,502.0,3.0,-37.8515,145.0324
ID629761583,6 Carlisle St,3,h,980000.0,19/11/2016,1.0,1.0,485.0,79.0,-37.7525,145.0106
ID556811770,325 Forest Rd,3,h,477000.0,8/07/2017,1.0,1.0,518.0,59.0,-37.85971,145.31036
ID539282064,373 Brunswick Rd,3,h,1300000.0,8/04/2017,2.0,3.0,299.0,94.0,-37.7759,144.952
ID888509390,17 Goodwood Dr,3,h,683000.0,26/08/2017,2.0,2.0,664.0,41.0,-37.724740000000004,144.79545
ID526854809,27 Marion Av,3,h,780000.0,15/07/2017,2.0,3.0,1469.0,34.0,-37.79335,145.30773
ID941974314,4/64 Edward St,3,u,760000.0,17/06/2017,1.0,1.0,178.0,16.0,-37.96224,145.01683
ID811008652,3/14 Merton St,1,u,421000.0,24/09/2016,1.0,1.0,0.0,27.0,-37.7753,145.0419
ID225280832,31 Hardwick St,3,h,885000.0,18/06/2016,1.0,2.0,255.0,99.0,-37.7493,144.9701
ID494572960,10 Dawe Ct,3,h,515000.0,3/06/2017,1.0,2.0,565.0,22.0,-37.868520000000004,144.68039
ID894949545,3 Kimber St,3,h,1330000.0,22/04/2017,1.0,1.0,154.0,119.0,-37.8264,145.0123
ID647660029,3 Johnson St,4,h,2053000.0,17/06/2017,3.0,2.0,354.0,49.0,-37.81691,145.03721000000004
ID801156206,7/7 Simpson St,2,u,430000.0,15/10/2016,1.0,1.0,0.0,49.0,-37.7813,145.0062
ID508307219,6 Brady St,3,h,1275000.0,18/03/2017,2.0,1.0,132.0,119.0,-37.821999999999996,145.0041
ID368326040,22/49 Walsh St,1,u,567500.0,19/11/2016,1.0,1.0,0.0,49.0,-37.8368,144.9848
ID601443746,15 May St,4,h,1820000.0,16/09/2017,2.0,2.0,412.0,79.0,-37.93598,145.01152
ID460623893,73 Linacre Rd,3,h,1403000.0,10/12/2016,1.0,2.0,495.0,69.0,-37.9428,145.0092
ID261656002,44 Meek St,4,h,2260000.0,26/08/2017,2.0,2.0,881.0,4.0,-37.90217,144.99337
ID811170831,83 Cardigan St,2,h,840000.0,8/10/2016,1.0,0.0,66.0,119.0,-37.8049,144.9644
ID372138367,5 Charles St,3,h,1465000.0,4/03/2017,2.0,0.0,134.0,119.0,-37.8093,144.9944
ID504723020,6 Tame St,6,h,615000.0,12/08/2017,3.0,1.0,850.0,39.0,-37.62856,144.71825
ID319341403,8 Geddes St,2,h,710000.0,4/06/2016,1.0,1.0,214.0,129.0,-37.7776,144.9142
ID812986558,115/150 Peel St,2,u,470000.0,7/11/2016,1.0,1.0,0.0,13.0,-37.8044,144.9566
ID750661290,62 Northumberland Rd,3,h,790000.0,11/03/2017,1.0,2.0,568.0,59.0,-37.7727,144.8417
ID791180596,35 Percy St,2,h,705000.0,23/04/2016,1.0,1.0,161.0,109.0,-37.7646,144.9586
ID160936231,2/1 Alexandra Av,2,u,1350000.0,12/08/2017,2.0,1.0,0.0,89.0,-37.82863,144.98514
ID164089207,1 Hillside Rd,5,h,2530000.0,13/08/2016,3.0,1.0,1850.0,109.0,-37.7465,145.0612
ID402294322,8 Orgill St,2,h,488000.0,12/08/2017,1.0,1.0,414.0,29.0,-37.99173,145.22308999999996
ID885168569,3/16 McComas St,2,u,436000.0,10/09/2016,1.0,1.0,140.0,8.0,-37.7285,145.0242
ID444373274,30 Davidson St,5,h,925000.0,24/09/2016,3.0,4.0,922.0,5.0,-37.6961,144.9865
ID487890457,132 Templewood Cr,3,h,1107500.0,8/07/2017,3.0,1.0,668.0,5.0,-37.75962,144.86675
ID888506769,12 Merricks St,3,h,575500.0,23/09/2017,1.0,3.0,580.0,49.0,-37.6798,144.90936000000005
ID587575821,51 Hunter St,2,h,1145000.0,19/11/2016,1.0,1.0,197.0,59.0,-37.8215,145.0054
ID640824651,8 Nyah St,3,h,915000.0,11/03/2017,1.0,2.0,610.0,27.0,-37.7359,144.868
ID190071248,203 Munro St,4,h,1400000.0,18/06/2016,1.0,1.0,856.0,49.0,-37.7432,144.9481
ID669364916,24 Lyell St,3,h,1250000.0,17/09/2016,2.0,1.0,108.0,129.0,-37.8363,144.9509
ID386202848,1/13 Narong Rd,2,u,536000.0,25/02/2017,1.0,1.0,771.0,59.0,-37.8686,145.0239
ID508785714,5 Schofield St,4,h,1426000.0,10/09/2016,2.0,1.0,720.0,69.0,-37.9394,145.0408
ID452482534,4/47 Middle Rd,2,u,420000.0,25/02/2017,1.0,1.0,0.0,49.0,-37.7678,144.8899
ID638329045,27 Connie St,4,h,1255000.0,28/08/2016,2.0,2.0,610.0,69.0,-37.9207,145.0757
ID686916712,106 Malpas St,3,h,880000.0,16/09/2017,1.0,0.0,480.0,129.0,-37.73346,145.01506
ID712888324,4 The Parade,2,h,950000.0,7/05/2016,1.0,1.0,173.0,119.0,-37.7731,144.9206
ID952621011,4/97 Earl St,4,t,1000000.0,24/09/2016,3.0,2.0,317.0,27.0,-37.794000000000004,145.032
ID325397208,4/24 Grandview Gr,1,u,400000.0,12/08/2017,1.0,2.0,0.0,59.0,-37.851259999999996,145.00832
ID959724663,146 Elizabeth St,3,h,2000000.0,24/09/2016,1.0,1.0,973.0,5.0,-37.7284,144.9843
ID696148890,20 King St,2,h,780000.0,27/05/2017,1.0,0.0,117.0,119.0,-37.84998,144.99499
ID716306582,686A Hampton St,4,t,2250000.0,27/11/2016,2.0,2.0,230.0,7.0,-37.9237,145.0056
ID265668604,53 Derby St,2,h,951000.0,15/07/2017,1.0,1.0,172.0,119.0,-37.7638,144.9089
ID881693366,10 Jersey St,3,h,862500.0,24/06/2017,1.0,2.0,490.0,19.0,-37.73533,144.95303
ID458363890,371 Station St,3,h,1031000.0,17/06/2017,1.0,2.0,612.0,69.0,-37.76063,145.02139
ID467020803,16 Hayes Pde,5,h,958000.0,29/04/2017,2.0,2.0,706.0,69.0,-37.7328,144.9281
ID882129767,5 Blairgowrie Ct,3,h,3025000.0,22/04/2017,2.0,4.0,649.0,52.0,-37.9056,144.9893
ID340198570,111 Hanson Rd,4,h,600000.0,23/09/2017,2.0,2.0,630.0,16.0,-37.58905,144.93658
ID615421194,186 Mascoma St,5,h,910000.0,8/04/2017,2.0,2.0,533.0,54.0,-37.7189,144.9044
ID466160919,48a Celia St,4,t,1250000.0,17/09/2016,2.0,2.0,314.0,9.0,-37.9299,145.0598
ID888509390,17 Goodwood Dr,3,h,683000.0,26/08/2017,2.0,2.0,664.0,41.0,-37.724740000000004,144.79545
ID834419691,69 Gloucester Rd,3,h,1555000.0,16/09/2017,1.0,4.0,649.0,69.0,-37.87,145.08803
ID985024389,10 May St,4,h,931000.0,6/08/2016,1.0,1.0,499.0,29.0,-37.733000000000004,144.9988
ID750661290,62 Northumberland Rd,3,h,790000.0,11/03/2017,1.0,2.0,568.0,59.0,-37.7727,144.8417
ID537947512,8 Sydenham St,3,h,1600000.0,27/05/2017,2.0,3.0,598.0,59.0,-37.95357,145.02651
ID404416437,23 Hotham St,3,h,650000.0,28/05/2016,1.0,2.0,327.0,44.0,-37.7709,145.1104
ID577584737,39 Crevelli St,3,h,612500.0,3/09/2017,1.0,1.0,170.0,69.0,-37.729240000000004,145.02981
ID724959759,87 Ballard St,4,h,1000000.0,1/07/2017,2.0,2.0,438.0,29.0,-37.81789000000001,144.86744
ID270867692,9 Gildan St,3,h,2000000.0,28/08/2016,1.0,2.0,75100.0,22.0,-37.8002,145.07
ID290693492,6/5 Peak St,2,u,370000.0,14/05/2016,1.0,1.0,0.0,54.0,-37.8801,145.0874
ID885850695,8/54 Kneen St,1,u,330000.0,19/11/2016,1.0,1.0,0.0,49.0,-37.782,144.9896
ID267704491,9 Coltain St,4,h,950000.0,12/08/2017,2.0,2.0,660.0,41.0,-37.84902,145.18276
ID332410833,3 Florence St,5,h,2352500.0,19/11/2016,3.0,2.0,642.0,89.0,-37.859,145.0656
ID608226344,4/85 St David St,2,u,486000.0,24/09/2016,1.0,1.0,0.0,59.0,-37.760999999999996,145.0055
ID950927736,66 Dunstan Pde,4,h,1915000.0,4/03/2017,3.0,1.0,323.0,84.0,-37.8371,144.921
ID269582531,1/39 New St,2,t,650000.0,6/08/2016,2.0,1.0,151.0,8.0,-37.8289,144.8671
ID383573194,23 Thurloo St,3,h,1000000.0,6/08/2016,1.0,2.0,606.0,13.0,-37.8784,145.0958
ID230312855,5/9 Sandown Rd,4,t,900000.0,13/05/2017,3.0,2.0,0.0,8.0,-37.7831,144.9209
ID885232755,83 Power St,3,h,1170000.0,26/08/2017,2.0,4.0,436.0,22.0,-37.852740000000004,144.88738
